title,content,section
PHẦN I – CÁC NHÓM THUỐC,"NHÓM THUỐC KHÁNG SINH
NGUYÊN TẮC SỬ DỤNG THUỐC KHÁNG SINH

Chỉ dùng kháng sinh khi cơ thể bị nhiễm khuẩn: sưng , nóng, đỏ đau buốt, bệnh nhiễm khuẩn dài ngày không khỏi
Dùng 5-7 ngày, uống cách xa bữa ăn
Dùng 1 ngày nếu đỡ 90% thì uống thêm 2 ngày nữa
Dùng 3 ngày nếu đỡ 90% thì uống thêm 2 ngày nữa
Nếu uống 5 ngày không khỏi thì phải đổi nhóm kháng sinh khác
Không dùng kháng sinh lặp lại giống nhau trong thời gian ngắn
Không dùng đồng thời với Vitamin C và men tiêu hóa
Không dùng với các nước uống có ga, phải uống với nước lọc
Uống thêm bổ gan và các Vitamin khác

Những loại kháng sinh dùng cho trẻ em  7 tuổi

Amoxcillin 500mg
Ampicillin 500mg
Cefalexin 500mg
Cefadroxin 500mg
Augmentin 625mg
Klamentin 625mg
Azithromycin 250mg
Clarythromycin 250mg
Cefixim 100mg
Cefpodoxim 100mg

Kháng sinh dùng cho phụ nữ có thai

Amoxcillin 500mg
Ampicillin 500mg
Augmentin 1g
Klamentin 1g
Cefalexin 400mg
Cefuroxim 500mg
Zinnat 500mg
Cefadroxin 500mg
Azithromycin 500mg
Cefaclor 500mg

CÁC NHÓM THUỐC KHÁNG SINH
1.NHÓM BETA-LACTAM
Chỉ định: Diệt vi khuẩn

Dùng điều trị các nhiễm khuẩn do vi khuẩn gram (-), gram (+) gây ra.
Các nhiễm khuẩn đường hô hấp trên, hô hấp dưới
Nhiễm khuẩn da, xương cơ, mô mềm, sinh dục, niệu đạo, viêm đường tiết niệu, viêm cầu thận cấp, viêm bàng quang, dạ dày, ruột.

 Chống chỉ định: Mẫn cảm với các thành phần của thuốc. Tiêu chảy mẫn ngứa nổi mề đay,. Khi có triệu chứng dị ứng nặng phải dừng uống thuốc
Các lưu ý đặc biệt trong nhóm:

Nên dùng Penicillin cho người viêm khớp
Nên dùng các thuốc sau cho phụ nữ có thai:

+ Amoxcillin 500mg
+ Ampicillin 500mg
+ Cefalexin 500mg
+ Cephadroxin 500mg
+ Augmentin 1g
+ Klamentin 1g

Dùng Amoxcillin + Clarithromycin để chữa viêm loét dạ dày
Dùng Amoxcillin cho người viêm loét dạ dày
Các thuốc trong nhóm: chia làm 2 phân nhóm

+Phân nhóm Penicillin :

Penicillin 400.000dv 8v/2l
000.000đv 4v/2l
Thuốc này đặc trị hiệu quả bệnh viêm xương khớp
Amoxcillin 500mg 4v/2l
Ampicillin 500mg 4v/2l
Cloxacillin 500mg 4v/2l

+ Phân nhóm Cephalosporin: chia làm 3 thế hệ:

Thế hệ I:

Cefalexin
Cefadroxin

Thế hệ II:

Cefuroxim 250mg
Cefuroxim 250mg
Biệt dược: Zinnat, Cezinnat
Cefaclor 500mg

Thế hệ III: – Cefixim

Cefpodoxime
Cefdinir

Các thuốc trong nhóm uống sau ăn hoặc trước ăn 30 phút
2.NHÓM MACROLID
Chỉ định, tác dụng chính, tác dụng phụ giống với nhóm Betalactam
Lưu ý: Thuốc Azithromycin 500mg có thời gian bán thải 12h nên chỉ dùng 1v/ngày
Những bệnh nhân viêm loét dạ dày mà bị các bệnh nhiễm khuẩn như viêm họng, viêm tai thì nên dùng Clarythromycin

Clarythromycin + Amoxcillin dùng để chữa viêm loét dạ dày
Các thuốc trong nhóm:

– Erythromycin 500mg (Thuốc này độc tính cao nên không dùng cho người già)
– Clarythromycin 500mg (Trẻ em >7 tuổi 2-3v/2l)
– Azithromycin 500mg
– Azithromycin 250mg
Spiramycin 2v/2l
Trẻ em trên 7 tuổi 1,5UI 2v/2l, trẻ em dưới 7 tuổi 0,75UI 2v/2l
Roxithromycin 150mg 2v/2l (Không dùng cho trẻ em)
3. NHÓM LINCOMYCIN:
Chỉ định: Dùng để điều trị viêm khớp, da, mô mềm, đường tiết niệu, sinh dục, tai mũi họng.
Chống chỉ định:

Dị ứng với nhóm
NGười có bệnh viêm màng não
Phụ nữ có thai và cho con bú, trẻ sơ sinh dưới 1 tuổi
Thận trọng với bệnh nhân viêm loét dạ dày tá tràng
Giảm liều cho người suy thận

Các thuốc long đờm: Lincomycin 500mg 4v/2l
Clindamycin 300mg 2v/2l
4.NHÓM TETRACYCLIN:
Hay còn gọi là nhóm Doxycyclin
Chỉ định: Nhiễm khuẩn đường hô hấp trên, hô hấp dưới, sinh dục, niệu đạo, lỵ amib, đau mắt đỏ, đau mắt hột, viêm tai ngoài.
Dùng kết hợp với nhóm: Betalactam, Macrolid, Quinolon để tăng tác dụng của thuốc
Chống chỉ định: Với Tetracyclin 500mg không dùng cho trẻ em dưới 12 tuổi
Với Doxycyclin 300mg 2v/2l Không dùng cho trẻ em dưới 8 tuổi vì dễ gây vàng răng
Không dùng cho người suy gan thận, phụ nữ có thai, cho con bú
Thận trọng với người già, trẻ nhỏ
Tác dụng phụ:  Rối loạn tiêu hóa, dị ứng, phát ban, mẫn ngứa
5.NHÓM PHENICOL (CLOROCID)
Cloramphenicol 250mg
Chỉ định: có 2  dạng bào chế:
Loại viên 250mg dùng điều trị các rối loạn tiêu hóa, đau bụng đi ngoài
Loại 0,4% dùng nhỏ mắt, đau mắt.
Chống chỉ định: 
Trẻ sơ sinh và trẻ em dưới 16 tháng không dùng dạng tiêm
Người bị suy gan, viêm xoang
6.NHÓM QUINOLON
(Diệt vi khuẩn gram -)
Chỉ định : Giống nhóm Betalactam nhưng đặc trị cho bệnh:
Viêm đường tiết niệu sinh dục
Viêm họng nặng, viêm phổi, viêm thanh quản
Viêm tai, đau mắt đỏ
Chống chỉ định: Viêm loét dạ dày
Trẻ nhỏ dưới 16 tháng, phụ nữ có thai, cho con bú
Tác dụng phụ: Mệt mỏi, chóng mặt
Các thuốc trong nhóm: 
          Ciprofloxacin
          Ofloxacin
          Pefloxacin 
          Levofloxacin
          Nofloxacin
          Sparfloxacin
7.SULFAMID kháng khuẩn hay gọi là nhóm kháng sinh kỵ khí:
Chỉ định: Dùng để điều trị các nhiễm khuẩn trong ruột như:

Tiêu chảy do mọi nguyên nhân
Viêm đại tràng
Viêm lỗ hậu môn: Biseptol, Metronidazol
Viêm đường tiết niệu: Biseptol, Metronidazol
Lỵ amib, trực tràng: Metronidazol, Berberin, mộc hoa trắng, Tinidazol
Viêm họng ngứa cổ: Biseptol
Viêm phần phụ: Metronidazol, Clorocid

Tác dụng phụ: Gây mất sữa ở phụ nữ cho con bú
Các thuốc trong nhóm:
Biseptol                                   Metronidazol
Sulfaganin                              Tinidazol
Berberin                                  Mộc hoa trắng
Clorocid                                  Tetracyclin
Amoxcillin+ Clarythromycin: điều trị viêm loét dạ dày",Bài 1: Kháng sinh
PHẦN I – CÁC NHÓM THUỐC,"THUỐC CHỐNG VIÊM
CÁC THUỐC CHỐNG VIÊM THƯỜNG:
Chống sưng tấy, phù nề, vết thương bầm tím.
Chỉ định: Dùng trong tất cả các trường hợp viêm nhiễm, sưng tấy, phù nề
Chống chỉ định: Dị ứng với thuốc, đối tượng thận trọng
Các thuốc trong nhóm: 
     Anpha choay (Alphachymostrepsil 5mg): dùng cho phụ nữ có thai, không dùng cho người bị viêm loét dạ dày.
 Seratiol speptid 10mg chỉ dùng cho người thường
 Lysozime 90mg không dùng cho phụ nữ có thai, dùng cho người bị viêm loét dạ dày.
Lưu ý: dạng men dùng ngậm tác dụng nhanh
CÁC THUỐC CHỐNG VIÊM NẶNG (NHÓM CORTICOID)
Chỉ định: chống nhiễm khuẩn, chống dị ứng do mọi nguyên nhân.
Ức chế miễn dịch
Tác dụng phụ:

Dòn xương, xốp xương, dễ gãy xương
Giữ nước, gây phù nề, mặt trắng búng, chân tay tong teo, da bùng beo
Suy gan, suy tuyến thượng thận

Chỉ định: Viêm xương khớp, viêm họng nặng, viêm tai, viêm phổi, viêm thanh quản, viêm phế quản, đau mắt đỏ. Dùng lúc 6-8h sáng
Những ngày đầu dùng liều cao 16mg sau đó giảm liều đến hết
Chống chỉ định:
– Người loét dạ dày
– Phụ nữ có thai
– Trẻ đẻ non thiếu tháng, suy dinh dưỡng
– Người đang bị gãy xương
Các thuốc trong nhóm:
– Prednisolon
– Methylprednisolon   4mg
– Methylprednisolon 16mg
– Betamethason 5mg
– Dexamethason 5mg
– Biệt dược: Metrocetin 5mg
– Celestamin 0,25mg",Bài 2:Thuốc chống viêm
PHẦN I – CÁC NHÓM THUỐC,"KHÁNG HISTAMIN H1
(THUỐC CHỐNG DỊ ỨNG DO MỌI NGUYÊN NHÂN, HO DO DỊ ỨNG)
Chia làm 2 nhóm:

Thế hệ 1: Gây buồn ngủ, dùng cho người viêm loét dạ dày:

Promethazin  hydroclorid (kem bôi)
Clorpheniramin meleat
Propheniramin, Diphenhydramin (Nautamin)
Tatarax(Hydroxin Hydroclorid)
Peritol 4mg  gây buồn ngủ 2v/2l
Alimemazin (Theralen)5mg 4v/2l
Promethazin (Phenergan)
Cetirizine 10mg
Tất cả thế hệ 1 không dùng cho phụ nữ có thai

Thế hệ 2: Không gây buồn ngủ, dùng cho phụ nữ có thai

Loratadyl 10mg 2v/2l
Deslorotadyl 10mg
Fexofenadin 60mg (không dùng cho trẻ em <12 tuổi)
Chỉ định: Dùng cho các trường hợp dị ứng với mọi nguyên nhân, ho kích ứng, viêm mũi dị ứng.",Bài 3: Kháng Histamin
PHẦN I – CÁC NHÓM THUỐC,"THUỐC HO-LONG ĐỜM-TIÊU ĐỜM
SIRO HO THẢO DƯỢC
1. LONG ĐỜM-TIÊU ĐỜM: Dùng trong trường hợp không khạc được đờm ra ngoài, không ho.
Các thuốc dùng cho mọi đối tượng: Acylin cysteine 200mg
Trẻ em 1 tuổi 200mg
Biệt dược Acemuc 200mg
Exomuc 200mg
Mitux E 200mg
Ambroxol 300mg
Bisolvol
Rhinathyol siro: dùng cho trẻ sơ sinh
2.GIẢM HO-LONG ĐỜM:dùng trong trường hợp có đờm
Lưu ý:Các thuốc có thành phần Codein (ức chế ho) 10mg dùng trong các trường hợp nặng, Codein 3,9mg dùng trong các trường hợp nhẹ.
Không dùng các thuốc có thành phần Codein cho phụ nữ có thai, cho con bú, người bị viêm loét dạ dày, trẻ nhỏ dưới 12 tuổi
Các thuốc trong nhóm:

Coderforte : Không dùng TE dưới 12 tuổi

– Terpin codein Không dùng TE dưới 12 tuổi
– Pharcotex Không dùng TE dưới 12 tuổi
– Hobadex
– Methophan
– Terpin Dextromethorphan
3.SIRO HO THẢO DƯỢC
Lưu ý: phụ nữ có thai, cho con bú, người viêm loét dạ dày dùng các thuốc ho thảo dược. Thuốc dùng cho mọi đối tượng nên không có chống chỉ định
– Lavenka            -Eugeca
-Ho PH                 – Trường bách diệp
-Ho bổ phế           – Ho ma hạnh
-Ho badex            -Stacka
-Ho bảo thanh     -Autusin
-Ho đức thịnh      – Mật ong cúc hoa
-Ho bipha            – Ho Methophan
-Propan               -Codesod
4.THUỐC GIÃN PHẾ QUẢN
*Dạng siro:
-Brycanyl                      -Solmux Broncho
-Bạch long thủy             -Hen PH
* Dạng viên:
– Salbutamol 4mg 2v/2l . Trẻ em 2mg
– Theophyllyn 5mg
* Dạng xịt
– Asthalin                      -Ventolin                       -Seditide
5.THUỐC CHỐNG DỊ ỨNG DẠNG SIRO
(An thần gây ngủ của trẻ em)
– Fenargan                    -Loratadyl                              – Theraline
6. SIRO CHỮA CẢM CÚM CHO TRẺ EM:
– Decolgen                     -Tiffy                                       -Loratadyl
-Flamit                           -Ích nhi                                   -Baby Bột
-Amiflu                          -Theralen                                -Fenacgan
-Bro zendet                    – Baby flex                              – baby min","Bài 4: Thuốc ho, long đờm, tiêu đờm, siro ho thảo dược"
PHẦN I – CÁC NHÓM THUỐC,"NHÓM NOSTEROID
(THUỘC NHÓM GIẢM ĐAU)
*CHỐNG VIÊM XƯƠNG KHỚP:
Chỉ định: Dùng điều trị giảm đau, chống viêm thuộc nhóm giảm đau chống viêm xương, khớp, các chấn thương, va đập, thoái hóa, viêm xương khớp.
Tác dụng phụ: Gây viêm loét dạ dày.
Chống chỉ định: Không dùng cho người bị viêm loét dạ dày, phụ nữ có thai và cho con bú, trẻ sơ sinh, trẻ đẻ non, trẻ dưới 16 tuổi, người bị suy gan thận
Các thuốc trong nhóm:

Meloxicam 7,5mg
Piroxicam 200mg
Diclofenac 500mg (có dạng kem bôi và đặt hậu môn)
Celecosip 200mg
Ibuprofen (Alaxan)
Aspirin PH8: Hạ sốt chống viêm 1v/1l; 2v/1l x3-4l/ngày, cách 4 giờ/lần (2-4 lần)","Bài 5: Nhóm Phisteroid thuộc nhóm giảm đau hạ sốt, chống viêm xương khớp"
PHẦN I – CÁC NHÓM THUỐC,"NHÓM CẢM-CÚM-CẢM CÚM
1.CẢM:
* Triệu chứng: Đau đầu, người mệt, sốt nhẹ
* Điều trị: Uống thuốc thuộc nhóm giảm đau, hạ sốt có paracetamol:
– Effferalgan 500mg: viên sủi 1v/1l, cách 4-6h uống  1 viên
– Efferalgan codein : không dùng cho phụ nữ có thai, người viêm loét dạ dày, trẻ em dưới 12 tuổi.
– Hapacol 4v/2l
– Panadol 4v/2l
– Panadol extra 500mg 4v/2l Không dùng cho phụ nữ có thai, viêm loét dạ dày, trẻ em dưới 12 tuổi.
– Patamol 500mg 4v/2l
2.CÚM:
* Triệu chứng: hắt hơi, sổ mũi, ngứa mũi, chảy nước mũi.
* Điều trị: Các thuốc thuộc nhóm Histamin
3. CẢM CÚM
* Triệu chứng: gồm 2 triệu chứng trên gộp lại.
* Điều trị: Thuốc thuộc nhóm giảm đau hạ sốt có Paracetamol+thuốc kháng Histamin hoặc các thuốc cảm cúm kết hợp

Paracetamol + Alimenazil 4v/2l
Panadol + Loratadyl 4v/2l
Ameflu – Domin                -Codamin
Tiffy -Pacemin              -Cocold
Decolgen -Pamin                  -Cảm xuyên hương
Biviflu -Rumenol             -Bạch địa căn (PNCT)

Liều dùng: 4v/2l","Bài 6: Nhóm cảm, cúm, cảm cúm"
PHẦN I – CÁC NHÓM THUỐC,"CÁC THUỐC THUỘC NHÓM GIẢM ĐAU, HẠ SỐT, CHỐNG VIÊM
Thuốc Aspirin PH8 4v/2l
+Tác dụng phụ: Gây viêm loét dạ dày
+Chống chỉ định: Không dùng cho PNCT và cho con bú người viêm loét dạ dày. Chỉ dùng Aspirin PH8 cho bệnh nhân suy gan nặng hoặc bị hội chứng với Paracetamol.
*Chú ý: Các thuốc hạ sốt cho trẻ em:
+Trẻ em nên dùng Efferalgan hoặc Hapacol với liều dùng như sau:

Dưới 10kg = 80mg
Từ 12-13kg = 150mg
Từ 15-17kg = 250mg
Từ 17-20kg = 300mg
Trên 25kg = 500mg

Hoặc dùng các loại thuốc có dạng siro như Ibuprofen kết hợp miếng dán Biviflu, Akido.","Bài 7: Các thuốc thuộc nhóm giảm đau, hạ sốt, chống viêm"
PHẦN I – CÁC NHÓM THUỐC,"THUỐC BỔ – VITAMIN
THUỐC BỔ CHIA LÀM 2 NHÓM

 Nhóm vitamin tan trong dầu:

– Vitamin A: Bổ mắt, quá liều sẽ gây quáng gà
– Vitamin D: Bổ sung canxi, không nên dùng vào buổi tối sẽ gây cặn thận
– Vitamin E: chống lão hóa, làm đẹp da, chống đẻ non.
– Vitamin Omega 3: Bổ mắt, giảm mỡ máu, Uống trong hoặc sau ăn no.
– Sắt (Fe): Bổ máu, trúng ở nữ, tăng tinh trùng ở nam giới, cơ mềm, chống chuột rút về đêm.

 Nhóm Vitamin tan trong nước: Gồm các thuốc: B1, B2, B5, B6, B12, PP,C,K,H, 3B uống trước ăn.

– B1: chữa bệnh beri đường ruột, kích thích ăn, chân tay bong vẩy

B2: làm lành các vết loét trong niêm mạc miệng, chữa nhiệt miệng, giúp các vết thương nhanh lên da non.
B5: (H) Chống rụng tóc, tăng chuyển bã nhờn.
B6: Bổ thần kinh não, thần kinh khớp.
B12: Bổ máu (chất dẫn)
PP: Chữa nhiệt
C: Tăng cường đề kháng, giải độc chống dị ứng, làm bền vững thành mạch, giúp gia tăng lên da non, giải nhiệt (không uống trước khi ăn và trước khi đi ngủ)
3B: Bổ thần kinh

* Thuốc bổ thần kinh dạnh viên
– Homtamin sâm 2v/2l: Không dùng cho người huyết áp thấp và cao.
– Pharmaton: 2v/2l
– 3B, 4B: 2v/2l
– Homtasun: 2v/2l
– Thymodulin 80mg (BD Thymo, Antibox): 2v/2l
– Provital: 2v/2l
– Davimo: 2v/2l
– Biomin: 2v/2l
– Procare: 2v/2l
– Thuốc đạm hoa quả: 2v/2l
* Thuốc dạng siro cho trẻ em
– Pharmaton : thuốc bổ
– Boni Kidi: kích thích ăn
– Golhealth: kích thích ăn
– Kidgrow: Kích thích ăn
– Eronce : viên
– Supemen: Kích thích ăn
– Pedia kid: thuốc bổ tổng hợp
– Fetavi: bổ máu
– Ceelin siro : tăng đề kháng
– Ích nhi: kích thích ăn
– Calcium: bổ canxi
– Canxi cerbire : bổ canxi
– Aquadrim: canxi giọt
– Apeton: bổ, kích thích ăn
– Imukid: kích thích tăng miễn dịch
– Thymokid: : kích thích tăng miễn dịch",Bài 8: Thuốc bổ - vitamin
PHẦN I – CÁC NHÓM THUỐC,"TÌM HIỂU 1 ĐƠN THUỐC VÀ CÁCH KÊ 1 ĐƠN THUỐC
1. Phân tích 1 đơn thuốc:

Rodogyl (Spiramysin + Metronidazol )
Alpha choay (alpha chymotrispin)
Efferalgan ( paracetamol)
3B (B1, B6, B12)

Bạn hãy cho biết:
1- Đơn thuốc trên chỉ định cho bệnh lý nào?
2- Các  thuốc trên thuộc nhóm thuốc nào?
3- Vai trò của từng thuốc trong đơn
Tiến hành phân tích, tìm hiểu từng loại thuốc, nhóm thuốc trong đơn
1, Rodogyl là thuốc kháng sinh phối hợp 2 thành phần:
+ Spiramycin là kháng sinh nhóm Macrolid
+ Metronidazol là thuốc diệt khuẩn dẫn xuất Imidazole
Sự phối hợp của spiramycin và Metronidazol có tác dụng hiệp đồng diệt hiệu quả các vi khuẩn yếm khí. Do có nồng độ tập trung ở khoang miệng lớn nên có hiệu quả tốt trong điều trị nhiễm khuẩn răng miệng.

 Alpha choay với hoạt chất là Alpha chymotripsin có tác dụng chống viêm,  chống phù nề góp phần làm giảm đau và loại bỏ môi trường phát triển của vi khuẩn.
 Efferalgan với hoạt chất Paracetamol thuộc nhóm giảm đau, hạ sốt.

4, Vitamin B1, B6, B12: Hỗn hợp vitamil nhóm B
Vai trò của thuốc trong đơn

Rodogyl Là thuốc diệt khuẩn yếm khia vùng răng miệng.
Alpha choay : là thuốc chống viêm, giảm phù nề, góp phần giảm đau (do giảm chèn ép dây thần kinh)
Efferalgan giảm đau (Trong trường hợp đau nhiều sử dụng Efferalgan codein để đạt hiệu quả giảm đau thần kinh tốt hơn do vai trò của codein)
được sử dụng với vai trò giảm dẫn truyền xung động thần kinh (B6), hỗ trợ giảm đau trong trường hợp này.

Kết luận
Đơn thuốc chỉ định cho các trường hợp viêm lợi, đau răng do sâu răng, nhiễm khuẩn răng miệng, dự phòng nhiễm khuẩn sau nhổ răng.
Từ đơn thuốc trên đã phân tích, ta có thể hiểu ra thế nào là 1 đơn thuốc, cũng như cách cần kê 1 đơn thuốc.",Bài 9: Tìm hiểu 1 số đơn thuốc và cách kê 1 đơn thuốc
PHẦN II – CÁC BỆNH THƯỜNG GẶP,"CÁC BỆNH VIÊM ĐƯỜNG HÔ HẤP TRÊN
1.BỆNH VIÊM HỌNG NHẸ.
* Triệu chứng: Nuốt nước bọt thấy đau, sờ vào cổ thấy nóng nhẹ, có chút đờm.
* Điều trị: kháng sinh nhóm Betalactame + chống viêm nhẹ + giảm đau (trong nhóm giảm đau hạ sốt) + giảm ho long đờm dạng siro, viên.
KÊ ĐƠN THAM KHẢO
 Người bình thường:
+ Đơn 1:

Azithromycin 500mg 1v/1l x 3 ngày
Alpha choay 5mg 4v/2l
Panadol extra 500mg 4v/2l
Coderforte 4v/2l

+ Đơn 2:

Clarythromycin 500mg 2v/2l
Seratiol speptid 10mg 4v/2l
Patamol 500mg 4v/2l
Methorphan 500mg 4v/2l

+ Đơn 3:

Erythromycin 500mg 2v/2l/
Lysozime 90mg 4v/2l/
Paracetamol 500mg 4v/2l/
Coderforte 4v/2l

Phụ nữ có thai:
+ Đơn 1:

Amoxccillin 500mg 4v/2l
Alpha choay 5mg 4v/2l
Hapacol 4v/2l
Ho bảo thanh siro 15ml/3l

+Đơn 2: 

Cephadroxin 500mg 4v/2l
Alpha choay 5mg 4v/2l
Panadol 4v/2l
Mật ong cúc hoa 15ml/3l

+Đơn 3:

Augmentin 625mg 4v/2l
Alpha choay 5mg 4v/2l
Paracetamol 500mg 4v/2l
Bạch ngân PV siro 20ml/lần x3l/ngày

Người lớn viêm loét dạ dày:
+Đơn 1:

Clarythromycin 500mg 2v/2l
Seratiol speptid 10mg 4v/2l
Paracetamol 500mg 4v/2l
Ho badex 4v/2l

+Đơn 2:

Amoxccillin 500mg 4v/2l
Lysozym 90mg 4v/2l
Hapacol 500mg 4v/2l
Metheophan 500mg 4v/2l

+Đơn 3:

Amoxccillin 500mg 4v/2l
Alpha choay 5mg 4v/2l
Hapacol 500mg 4v/2l
Terpin Dexmethorphan 4v/2l

+Đơn 4:

Clarythromycin 500mg 2v/2l
Lysozime 90mg 4v/2l
Panadol 500mg 4v/2l
Pharcotex 4v/2l

Người già 80 tuổi:
+Đơn 1:

Cephadroxim 500mg 4v/2l
Alpha choay 5mg 4v/2l
Efferalgan sủi 500mg 1v/1l cách 4-6h
Coderforte 4v/2l

+Đơn 2:

Cefuroxim 500mg 2v/2l
Seratiol speptid 10mg 4v/2l
Efferalgan codein 500mg 4v/2l
Ho badex 4v/2l

+Đơn 3:

Cefuroxim 500mg 2v/2l
Lysozime 90mg 4v/2l
Hapacol 500mg 4v/2l
Pharcotex 4v/2l

Trẻ em 7 tuổi:
+Đơn 1:

Cefuroxim 250mg 2v/2l
Alpha choay 5mg 2v/2l
Hapacol 2v/2l
Autusin siro 15ml/3l

+Đơn 2:

Azithromycin 250mg 2v/2l
Seratiol speptid 10mg 2v/2l
Efferalgan 250mg 2v/2l
Ho badex 2v/2l

+Đơn 3:

Cefixime 100mg 2v/2l
Alpha choay 5mg 2v/2l
Patamol 500mg 2v/2l
Terpin Codein 2v/2l


2.BỆNH VIÊM HỌNG NẶNG (GỒM NHIỀU TRIỆU CHỨNG)
*Triệu chứng: hắt hơi, sổ mũi, ngạt mũi, ho nhiều, đờm nhiều, sốt trên 38,5 độ, người mệt mỏi
*Điều trị: Kháng sinh các nhóm + chống viêm corticoid + giảm đau hạ sốt + kháng Histamin + Ho giảm mạnh, long đờm+ rửa mũi, xịt mũi)
KÊ ĐƠN THAM KHẢO:
Người bình thường
+Đơn 1: 

Erythromycin 500mg 2v/2l
Prednisolon 5mg 4v/2l
Panadol Extra 500mg 4v/2l
Alimemazin 5mg 4v/2l
Coderforte 4v/2l
Sterimax rửa mũi
Coldi-B chữa viêm

+Đơn 2:

Clarythromycin 500mg 4v/2l
Bethamethasol 5mg 4v/2l
Patamol 500mg 4v/2l
Cetirizin 10mg 2v/2l
Hobadex 4v/2l
Xisat rửa mũi
Naphazolin chữa viêm

+Đơn 3:

Ciprofloxacin 500mg 2v/2l
Prednisolon 5mg 4v/2l
Paracetamol 500mg 4v/2l
Cetirizin 10mg 2v/2l
Cordeforte 4v/2l
Rửa mũi+chữa viêm
Homtamin 2v/2l Thêm thuốc bổ

Phụ nữ có thai
+Đơn 1: 

Amoxccillin 500mg 4v/2l
Alpha choay 5mg 4v/2l
Panadol 500mg 4v/2l
Loratydyl 10mg 2v/2l
Ho bảo thanh Siro 15ml/3l
Muối sinh lý 0,9% rửa mũi
Thông xoang tán chữa viêm

+Đơn 2:

Cephalexin 500mg 4v/2l
Seratiol speptid 10mg 4v/2l
Hapacol 500mg 4v/2l
Loratydyl 10mg 2v/2l
Cúc hoa mật ong siro 15ml/3l
Vesim rửa mũi
Ostrivin chữa viêm

Người viêm loét dạ dày:
+Đơn 1:

Clarythromycin 500mg 4v/2l
Seratiol speptid 10mg 4v/2l
Patamol 500mg 4v/2l
Peritol 4mg 4v/2l
Ho badex 4v/2l
Xisat rửa mũi
Clarytyl chữa viêm

+Đơn 2:

Amoxccillin 500mg 4v/2l
Lysozim 90mg 4v/2l
Hapacol 500mg 4v/2l
Cetirizin 10mg 2v/2l
Methorphan 500mg 4v/2l
Sofiner rửa mũi
Hadocort D chữa viêm

+Đơn 3:

Amoxccillin 500mg 4v/2l + Clarythromycin 500mg 2v/2l
Alpha choay 5mg 4v/2l
Panadol 500mg 2v/2l
Clorpheniramin 4mg 4v/2l
Hobadex 4v/2l
Rửa mũi + chữa viêm
Bổ hoa quả 2v/2l (thêm thuốc bổ)

Người già 80 tuổi:
+Đơn 1:

Cephadroxin 500mg 4v/2l
Prednisolon 5mg 4v/2l
Efferalgan sủi 500mg 1v/1l cách 4-6h
Cetirizin 10mg 2v/2l
Coderforte 4v/2l
Xisat rửa mũi
Coldi-B chữa viêm

+ĐƠn 2:

Cefuroxim 500mg 4v/2l
Methyl prednisolon 16mg 2v/2l
Efferalgan codein 500mg 4v/2l
Peritol 4mg 4v/2l
Hobadex 4v/2l
Muối sinh lý 0,9% rửa mũi
Hadocort D chữa viêm

+Đơn 3:

Cefuroxim 500mg 2v/2l
Lysozime 90mg 4v/2l
Panadol 500mg 4v/2l
Loratadyl 10mg 2v/2l
Pharcotex 4v/2l
Rửa mũi+xịt chữa viêm
Pharmaton 2v/2l (thêm thuốc bổ)

Trẻ em 7 tuổi:
+Đơn 1: 

Cefuroxim 250mg 2v/2l
Bethamethason 5mg 2v/2l
Hapacol 500mg 1v/2l
Clorpheniramin 4mg 1v/1l
Eugica siro 15ml/3l
Muối sinh lý 0,9% rửa mũi
Ostrivin chữa viêm

+Đơn 2:

Azithromycin 250mg 2v/2l
Dexamethason 5mg 2v/2l
Efferalgan 250mg 1v/1l
Pertiol 4mg 2v/2l
Ho PH siro 15ml/3l
Sterimax rửa mũi
Hacodort D chữa viêm

+Đơn 3:

Augmentin 625mg 2v/2l
Alpha choay 5mg 2v/2l
Patamol 500mg 2v/2l
Clorpheniramin 2mg 2v/2l
Eugica 4v/2l
Rửa mũi+chữa viêm
Pharmaton siro 10ml/2l

3.BỆNH HEN PHẾ QUẢN:
Triệu chứng: Khò khè, cò cử , ho nặng tiếng, đờm nhiều, sốt, mệt
Điều trị: Kháng sinh hạng nặng+ chống viêm nặng + giảm ho mạnh + giãn phế quản + thuốc bổ + thuốc liệt kê thêm: hạ sốt, giảm đau
KÊ ĐƠN THAM KHẢO


Người bình thường

+ Đơn 1:


Ofloxacin 200mg 2v/2l
Methyl prednisolon 4mg 4v/2l
Coderford 4v/2l
Salbutamol 4mg 2v/2l
Acetyl cystein 200mg 4v/2l
Pharmaton 2v/2l

+Đơn 2:

Ofloxacin 200mg 2v/2l
Dexamethason 5mg 4v/2l
Coderforte 4v/2l
Salbutamol 4mg 2v/2l
Homtamin 2v/2l
Paracetamol 500mg 4v/2l

Phụ nữ có thai:
+ĐƠn 1:

Klamentin 1g 2v/2l
Alpha choay 5mg 4v/2l
Bạch long thủy siro 15ml/3l
Ventolin xịt
Amoroxon 30mg 4v/2l
Provital 2v/2l

+Đơn 2:

Augmentin 1g 2v/2l
Alpha choay 5mg 4v/2l
Ho bảo thảnh 15ml/2l
Bạch long thủy sr 15ml/2l
Procare 2v/2l
Patamol 500mg 4v/2l


Người viêm loét dạ dày

+ Đơn 1: 

Clarythromycin 500mg 2v/2l
Seratiol Speptid 10mg 4v/2l
Metheophan 4v/2l
Salbutamol 4mg 2v/2l
Acytyl Cystein 200mg 4v/2l
Homtasun 2v/2l

+ Đơn 2:

Amocixilin 500mg 4v/2l
Clarythromycin 500mg 2v/2l
Alpha choay 5mg 4v/2l
Terpin Dextromethorphan 4v/2l
Salbutamol 4mg 2v/2l
Bổ hoa quả 2v/2l
Panadol 500mg 4v/2l



Người già 80 tuổi:

+ Đơn 1:


Ciprofloxacil 500mg 2 – 4v/2l
Bethamethanol 5mg 4v/2l
Coderford 4v/2l
Sabutamol 4mg 2v/2l
Acytyl cystein 200mg 4v/2l
Homtasun 2v/2l

+ Đơn 2;

Cefuroxim 500mg 2v/2l
Lysozine 90mg 4v/2l
Pharcotex 4v/2l
Salbutamol 4mg 2v/2l
Bổ hoa quả 2v/2l
Panadol 500mg 4v/2l


Trẻ em 7 tuổi

+ Đơn 1:

Clary thromycin 250mg 2v/2l
Alpha choay 5mg 2v/2l
Ho bảo thanh siro 10ml/3l
Brycannyl siro 10ml/3l
Acemuc 200mg 2v/2l
Bonikid siro 10ml/3l

+ Đơn 2:

Klamentin 625mg 2v/2l
Alpha choay 5mg 2v/2l
Ho Bạch Ngân PV sr 7ml x 3l/ngày
Bạch long thủy sr 4ml/2l
Pharmaton sr 15ml/ngày
Patamol 500mg 2v/2l

4. BỆNH VIÊM THANH QUẢN
* Triệu chứng:Khàn đặc tiếng, đờm nhiều, nói khi gắng sức
* Điều trị: Kháng sinh nặng (Nhóm Quinolon, Macrolid, Cephalosphorin TH3, hoặc kháng sinh kết hợp) + chống viêm corticoid liều cao + long đờm tiêu đờm + thuốc ho thảo dược hoặc viên ngậm + có tể cho thêm thuốc bổ.
KÊ ĐƠN THAM KHẢO
Người bình thường:
+ Đơn 1:

Ciprofloxacin 500mg 2 – 4v/2l
Bethamathansol 5mg 4v/2l
Acytyl cystein 200mg 4v/2l
Ho bảo thanh siro 15ml/3l
Star ngậm
Pharmaton 2v/2l

+ Đơn 2:

Levofloxacin 500mg 2v/2l
Prednisolon 5mg 4v/2l
Ambroxol 300mg 4v/2l
Ho PH
Homtamin 2v/2l

Người viêm loát dạ dày
+ Đơn 1:

Clary thromycin 500mg 2v/2l
Amoxccillin 500mg 4v/2l
Seratiol speptid 10mg 4v/2l
Ambroxol 300mg 4v/2l
Ho đức thịnh siro 15ml/3l
Euguca ngậm
Homtamin sâm 2v/2l

+ Đơn 2:

Amoxccillin 50mg 4v/2l
Clarythomycin 500mg 2v/2l
Alpha choay 5mg 4v/2l
Bisorol 4v/2l
Ho bổ phế
Bổ hoa quả 2v/2l

Phụ nữ có thai:
+ Đơn 1:

Klamentin 1g 2v/2l
Alpha choay 5mg 4v/2l
Acemuc 200mg 4v/2l
Mật ong cúc hoa siro 15ml/3l
Quất – mật ong ngậm
Thymodulin 80mgg 2v/2l

+ Đơn 2:

Klamentin 625mg 4v/2l
Alpha choay 5mg 4v/2l
Acetyl cyteine 200mg 4v/2l
Autusin sr ho
Obimin 2v/2l

Người già 80 tuổi;
+ Đơn 1:

Ofloxacin 200mg 2v/2l
Dexamethasol 5mg 4v/2l
Exomuc 200mg 4g/2l
Ho ma hạch siro 15ml/3l
Bổ phế nam hà ngậm
3B 2v/2l

+ Đơn 2:

Cefdinir 300mg 2v/2l
Bethamethasol 5mg 4v/2l
Ambroxol 300mg 4v/2l
Ho đức thịnh
Pharmaton 2v/2l

Trẻ em 7 tuổi:
+ Đơn 1:

Cefixim 200mg 1v/1l
Alpha choay 5mg 2v/2l
Mitix 200mg 2v/2l
Autusin siro 15ml/3l
Bảo thanh ngậm
Bonikidy 2v/2l

+ Đơn 2: 

Azithromycin 250mg 2v/2l
Alpha choay 5mg 2v/2l
Acetyl cyteine 200mg 2v/2l
Slacka sr ho
Thymokid 2v/2l

5.BỆNH VIÊM HỌNG HẠT
* Triệu chứng: ngứa họng, ho nhiều, ho rũ rượi, có tiền sử bệnh viem họng hạt
* Điều trị: kháng sinh nhóm Quinolon hoặc kháng sinh kị khí (Metronidazol, biseptol, Batalactame, Macrolid) + chống viêm Corticoid liều cao + kháng Histamin + giảm ho mạnh + ngậm Biseptol.
KÊ ĐƠN THAM KHẢO
Người bình thường;
+ Đơn 1:

Metronidazol 250mg 2v/2l
Biseptol 450mg 4v/2l
Clarythromycin 500mg 2v/2l
Clorpheniramin 4mg 4v/2l
Coderforte 4v/2l
Methyl prednisolon 4mg 4v/2l

+ Đơn 2:

Levofloxacil 500mg 2v/2l
Dexmethasol 0,25mg 4v/2l
Citicizin 10mg 2v/2l
Coderforte 4v/2l
Ngậm Biseptol



Phụ nữ có thai:

+ Đơn 1:


Klamentin 1g 2v/2l
Alpha choay 5mg 4v/2l
Loratadyl 10mg 2v/2l
Biseptol 480mg ngậm 4v/2l
Ho bảo thanh siro 15ml/3l

+ Đơn 2:

Zinnat 500mg 2v/2l
Alpha choay 5mg 4v/2l
Lorotadyl 10mg 2v/2l
Eugica 4v/2l


Người loét dạ dày:


+Đơn 1:

Metronidazol 250mg 2v/2l
Clarythromycin 500mg 2v/2l
Biseptol 480mg 4v/2l
Seration speptid 10mg 4v/2l
Alimemazil 5mg 4v/2l
Pharcotex 4v/2l

+ Đơn 2:

Amoxccillin 500mg 4v/2l
Clarythromycin 500mg 2v/2l
Alpha choay 5mg 4v/2l
Lorotadyl 10mg 2v/2l
Terpin dexmethorphan 4v/2l
Ngậm Biseptol



Người già 80 tuổi


+ Đơn 1:

Metronidazol 250mg 2v/2l
Amoxccillin 500mg 4v/2l
Biseptol 4mg 4v/2l
Prednisolon 5mg 4v/2l
Methorphan 4v/2l

+Đơn 2:

Cefadroxine 500mg 4v/2l
Lysozime 90mg 4v/2l
Fexofenadin 60mg 2v/2l
Pharcotex 4v/2l
Ngậm Biseptol



Trẻ em 7 tuổi:


+ Đơn 1:

Clarythromycin 250mg 2v/2l
Alpha choay 5mg 2v/2l
Promethazil siro 5ml/3l
Autusin siro 5ml/3l
Ngậm bỏ phế

+ Đơn 2:

Amoxccillin 250mg 2v/2l
Alpha choay 5mg 2v/2l
Clorpheniramin 2mg 2v/2l
Terpin Codein 2v/2l
Ngậm bổ phế

6.BỆNH VIÊM V.A Ở TRẺ EM DƯỚI 7 TUỔI
* Triệu chứng: cổ họng sưng đau, có hạch, sốt cao, quấy khóc
* Điều trị: kháng sing + chống viêm + giảm đau hạ sốt+ an thần (siro dòng Histamin) + oresol bù nước.
KÊ ĐƠN THAM KHẢO
Trẻ em từ 1 – 2 tuổi:

Clamocyl 250mg 2v/2l
Alpha choay 5mg 2v/2l
Phenergan 5ml/ngày x 3 lần/ngày
Efferalgan 80-150mg 1g/1l
Oresol 1g pha gần 200ml nước



Trẻ em từ 3-5 tuổi:



Erythromycin 250mg 2v/2l
Alpha choay 5mg 2v/2l
Hapacol 250-325mg 1g/lần – 1v/1l
Promethazin 5ml/lần x 3 lần/ngày
Oresol 1g pha gần 200ml nước



Trẻ em từ 6-10 tuổi:



Cefixim (Amoxccillin ) 100-500mg 2v/2l
Alpha choay 5mg 4v/2l
Hapacol 325-500mg 2v/2l
Promethazin 10ml/lần x 3 lần/ngày
Oresol 1g pha gần 200ml nước

7.BỆNH VIÊM PHỔI CẤP TÍNH
* Triệu chứng: đau tức ngực, đau vai lưng, khó thở ho nhiều, đờm đạc xanh vàng, sốt cao, người mệt, ra mồ hôi, chân tay lạnh.
* Điều trị: kháng sinh mạnh hoặc kháng sinh kết hợp + chống viêm + giãn phế quản + long đờm + giảm ho nặng + hạ sốt so Codein + thuốc bổ + Oresol bù nước + trà gừng nếu chân tay lạnh.
KÊ ĐƠN THAM KHẢO
 Người bình thường:
+ Đơn 1:

Ciprofloxacin 500mg 4v/2l
Methyl prednisolon 4mg 4v/2l
Sabutamol 4mg 2v/2l
Coderforte 4v/2l
Acemuc 200mg 4g/2l
Efferalgan sủi 500mg 1v/1l cách 4-6h
Pharmaton 2v/2l
Oresol bù nước 1l/24h
Trà gừng nếu chân tay lạnh

+ Đơn 2:

Ciprofloxacin 500mg 2v/2l
Prednisolon 5mg 4v/2l
Salbutamol 4mg 2v/2l
Coderforte 4v/2l
Acemuc 200mg 4g/2l
Panadol Extra 500mg 4v/2l
Provitan 2v/2l
Oresol
Trà gừng

Phụ nữ có thai:
+ Đơn 1:

Klamentin 1g 2v/2l
Alpha choay 5mg 4v/2l
Partamol 500mg 4v/2l
Ho bảo thanh siro 15ml/3l
Exomuc 200mg 4g/2l
Asthalin xịt
Provitan 2v/2l
Oresol bù nước 1l/24h
Trà gừng nếu chân tay lạnh

+ Đơn 2:

Augmentin 1g 2v/2l
Alpha choay 5mg 4v/2l
Siretide xịt
Eugica 4v/2l
Acetyl cyteine 200mg 4v/2l
Patamol 500mg 4v/2l
Procare 2v/2l
Oresol
Trà gừng

Người viêm loét dạ dày:
+ Đơn 1:

Clarythromycin 500mg 2v/2l
Amoxccillin 500mg 4v/2l
Seratiol speptid 10mg 4v/2l
Salbutamol 4mg 2v/2l
Metheophan 4v/2l
Acytyl cystein 200mg 4v/2l
Partamol 2v/2l
Oresol bù nước 1l/24h
Trà gừng nếu chân tay lạnh

+ Đơn 2:

Amoxccillin 500mg 4v/2l
Clarythromycin 500mg 2v/2l
Alpha choay 5mg 4v/2l
Ventolin xịt
Terpin Dextromethorphan 4v/2l
Acemuc 200mg 4g/2l
Panadol 500mg 4v/2l
Davimo 2v/2l
Oresol
Trà gừng

Người già 80 tuổi:
+ Đơn 1:

Azithromycin 500mg 1v/1l
Methyl prednisolon 4mg 4v/2l
Ventolin xịt
Eugeca 4v/2l
Ambroxon 30mg 4v/2l
Efferalgan sủi 500mg 1v/1l (cách 4-6h)
Homtasun 2v/2l
Oresol bù nước 1l/24h
Trà gừng nếu chân tay lạnh

+ Đơn 2:

Cefpodroxime 200mg 2v/2l
Dexamethsol 5mg 4v/2l
Asthalin xịt
Pharcotex 4v/2l
Acetyl cytaine 200mg 4v/2l
Hapacol codein 200mg 1v/1l (4-6h)
Biomin 2v/2l
Oresol
Trà gừng

Trẻ em 7 tuổi:
+ Đơn 1:

Clarythromycin 250mg 2v/2l
Methyl prednisolon 4mg 2v/2l
Asthalin xịt
Tepin codein 2v/2l
Acemuc 200mg 2v/2l
Panadol 250mg 2v/2l
Oresol bù nước 1l/24h
Thymokis sr

+ Đơn 2:

Augmentin 625mg 2v/2l
Alpha choay 5mg 2v/2l
Salbutamol 2mg 2v/2l
Tepin codein 2v/2l hoặc siro hot hảo dược: Lavenka, Ho PH…
Exomuc 200mg 2v/2l
Patamol 500mg 2v/2l
Oresol bù nước 1l/24h
Imukid sr

8.BỆNH VIÊM TUYẾN NƯỚC BỌT (BỆNH QUAI BỊ)
* Triệu chứng: sưng, nóng, đỏ, đau 1 bên quai hàm, đau ù bên tai, nhức kên đầu.
* Điều trị: Kháng sinh + chống viêm + giảm đau + tuần hoàn não + Vitamil B1, B6, B12 hoặc 3B tổng hợp.
* Chú ý: Nên dùng Vitamil khi thật sự cần thiết, nếu bị dị ứng thì không nên sử dụng 3B mà dùng riêng lẻ 1 loại riêng để hỗ trợ được tốt nhất
KÊ ĐƠN THAM KHẢO
Người bình thường:
+ Đơn 1:

Cefixime 200mg 2v/2l
Seratiol speptid 10mg 4v/2l
Panadol 500mg 4v/2l
Hoạt huyết nhất nhất 4v/2l

+ Đơn 2:

Ofloxacin 200mg 2v/2l
Dexamethasol 5mg 4v/2l
Efferalgan sủi 500mg 1v/1l (4-6h)
Hoạt huyết CM3 6v/2l

Phụ nữ có thai:
+ Đơn 1:

Amoxccillin 500mg 4v/2l
Alpha choay 5mg 4v/2l
Partamol 500mg 4v/2l
HHDN minh não khang 4v/2l

+ Đơn 2:

Klamentin 1g 2v/2l
Alpha choay 5mg 4v/2l
Hapacol 500mg 4v/2l
Ginkgomax 2v/2l

Người viêm loét dạ dày:
+ Đơn 1:

Clarythromycin 500mg 2v/2l
Seratiol speptid 10mg 4v/2l
Hapacol 500mg 4v/2l
Ginkgomax 2v/2l (dùng cho mọi đối tượng)

+ Đơn 2:

Amoxccillin 500mg 4v/2l
Alpha choay 5mg 4v/2l
Partamol 500mg 4v/2l
THN Thái Dương 4v/2l

Người già 80 tuổi:
+ Đơn 1:

Cephalexin 500mg 4v/2l
Lysozim 90mg 4v/2l
Efferalgan sủi 500mg 1v/1l cách 4-6h
HHDN Phúc Vinh 4v/2l

+ Đơn 2:

Cefdinir 300mg 2v/2l
Bethamethasol 5mg 4v/2l
Panadol 500mg 4v/2l
HHDN Traphaco 6v/2l

Trẻ em 7 tuổi:
+ Đơn 1:

Azithromycin 250mg 2v/2l
Alpha choay 5mg 2v/2l
Panadol 250mg 2v/2l

+ Đơn 2:

Augmentin 625mg 2v/2l
Seratiol speptid 10mg 2v/2l
Hapacol 500mg 2v/2l

9.BỆNH VIÊM RĂNG LỢI
(Viêm răng do cao răng, do vệ sinh không sạch sẽ, do viêm nứu răng)
* Triệu chứng: sưng viêm, chảy máu chân răng.
* Điều trị: Kháng sinh răng có thành phần Spiramycin + Metronidazol (BD Rodogyl , Vidogyl, Naphacogyl) + chống viêm + Giảm đau + Rutin C
* Lưu ý: Rutin C uống 4-8 viên /ngày, có tác dụng làm bền vững thành mạch, chống chảy máu.
Vidogyl không dùng cho trẻ em đươi 12 tuổi, phụ nữ có thai và cho con bú.
KÊ ĐƠN THAM KHẢO
– Người bình thường:
+ Đơn 1:

Naphacogyl 4v/2l 
Seratiol speptid 10mg 4v/2l 
Panadol 500mg 4v/2l 
Rutin C 4v/2l 

+ Đơn 2:

Rodogyl 4v/2l 
Alpha choay 5mg 4v/2l 
Efferalgan ( paracetamol) sủi 500mg 1v/1l (para 4v/2l )
3B (B1, B6, B12) 4v/2l 


Phụ nữ có thai:


Zinat 500mg 4v/2l 
Alpha choay 5mg 4v/2l 
Hapacol 500mg 4v/2l 
Rutin C 4v/2l 


Người viêm loét dạ dày:


Vidogyl 4v/2l 
Seratiol speptid 10mg 4v/2l 
Hapacol 500mg 4v/2l 
Rutin C 4v/2l 


Người già 80 tuổi:


Naphacogyl 4v/2l 
Lysozim 90mg 4v/2l 
Efferalgan sủi 500mg 1v/1l cách 4-6h
Rutin C 4v/2l 


Trẻ em 7 tuổi:


Zinat 250mg 2v/2l 
Alpha choay 5mg 2v/2l 
Panadol 250mg 2v/2l 
Rutin C 2v/2l 

10.BỆNH VIÊM MŨI DỊ ỨNG
* Triệu chứng: hắt hơi, sổ mũi, ngứa mũi, chảy nước mũi.
* Điều trị: Kháng Histamin + xịt mũi + Rutin C
KÊ ĐƠN THAM KHẢO


Người bình thường:



Clorpheniramin 4mg 4v/2l
Xisat rửa mũi
Codi – B chữa viêm
Rutin C 4v/2l



Phụ nữ có thai



Loratadyl 10mg 2v/2l
Vesim rửa mũi
Thông xoang tán chữa viêm
Rutin C 4v/2l



Người viêm loét dạ dày:



Cetirizil 10mg 2v/2l
Xithosa rửa mũi
Dophazolin chữa viêm
Rutin C 4v/2l



Người già 80 tuổi:



Alimemazil 5mg 4v/2l
Humer rửa mũi
Thông xoang nam dược chữa viêm
Rutin C 4v/2l



Trẻ em 7 tuổi:



Promethazin siro 5ml/3l
Sterimar rửa mũi
Otilin chữa viêm

11.BỆNH VIÊM XOANG MŨI
* Triệu chứng:  hắt hơi, sổ mũi, ngạt mũi, ngứa mũi, đau hốc mũi, đau hốc mắt, đau lên trán, đỉnh đầu, đờm mù quang mũi đặc quánh xanh vàng, nước mũi chảy xuống họng gây có đờm ở cổ họng và ho nhẹ.
* Điều trị:  kháng sinh nặng + corticoid + kháng histamin + xịt mũi bằng thảo dược + long đờm + uống thuốc Vitaman C để tăng đề kháng + các thuốc chữa viêm xoang + giảm đau hạ sốt (nếu có)
KÊ ĐƠN THAM KHẢO
Người bình thường:
+ Đơn 1:

Azithromycin 500mg 1v/1l
Methyl Prednisolon 4mg 4v/2l
Clorpheniramin 4mg 4v/2l
Dophazolin xịt mũi
Acemuc 200mg 4v/2l
Rutin C 4v/2l
Rhinasin – OPC 4v/2l
Efferalgan 500mg 4v/2l

+ Đơn 2:

Ciprofloxacin 500mg 2v/2l
Prednisolon 5mg 4v/2l
Cetirizil 10mg 2v/2l
Naphazolin xịt mũi
Acetyl Cystein 200mg 4v/2l
Vitamin C 4v/2l
Thông xoang tán 6v/2l
Panadol Extra 500mg 4v/2l



Phụ nữ có thai:


+ Đơn 1:

Zinnat 500mg 4v/2l
Alpha choay 5mg 4v/2l
Loratadyl 10mg 2v/2l
Xịt muic thái dương
Acemuc 200mg 4v/2l
Rutin C 4v/2l
Thông xoang tán 4v/2l
Panadol 500mg 2v/2l

+ Đơn 2:

Ampicillin 500mg 4v/2l
Alpha choay 5mg 4v/2l
Certirizin 10mg 2v/2l
Xịt mũi thái dương
Acetyl Cystein 200mg 4v/2l
Rutin C 2v/2l
Thông xoang tán 4v/2l
Partamol 500mg 2v/2l



Người viêm loét dạ dày;


+ Đơn 1:

Clarythomyxin 500mg 2v/2l
Seratiol speptid 10mg 2v/2l
Alimemazil 5mg 4v/2l
Dexaven xịt mũi
Ambroxol 30mg 4v/2l
Rutin C 4v/2l
Rhinasin – OPC 4v/2l
Efferalgan 500mg 4v/2l

+ Đơn 2

Amoxccillin 500mg 4v/2l
Clarythromycin 500mg 2v/2l
Clorpheniramin 4mg 2v/2l
Hapacol xịt mũi
Acetyl Cystein 200mg 4v/2l
Rutin C 4v/2l
Thông xoang tán 4v/2l
Paracetamol 500mg 4v/2l



Người già 80 tuổi:


+ Đơn 1:

Azithromycin 500mg 1v/1l
Prednisolon 5mg 4v/2l
Peritol 4mg 4v/2l
Coldi –B xịt mũi
Mutix 200mg 4v/2l
Thông xoang tán 4v/2l
Rutin C 4v/2l
Hapacol 500mg 4v/2l

+ Đơn 2:

Zinnat 500mg 2v/2l
Lysozim 90mg 4v/2l
Loratadyl 10mg 2v/2l
Acitifed xịt mũi
Ambroxol 300mg 4v/2l
Thông xoang tán 6v/2l
Vitamil C 2v/2l
Panadol 500mg 4v/2l



Trẻ em 7 tuổi:


+ Đơn 1:

Zinnat 250mg 2v/2l
Alpha choay 5mg 2v/2l
Promethazin siro 5ml/3l
Xịt mũi thái dương
Acemuc 200mg 2v/2l
Thông xoang tán 2v/2l
Rutin C 2v/2l
Paracetamol 250mg 4v/2l

+ Đơn 2:

Amoxccillin 500mg 2v/2l
Alpha choay 5mg 2v/2l
Clorpheniramin 4mg 2v/2l
Xịt mũi thái dương
Ambroxol 300mg 2v/2l
Thồn xoang tán
Vitamin C 2v/2l
Partamol 500mg 2v/2l

12.SỐT VIRUS:
* Triệu chứng: sốt 38 – 38,5 độ, khi sốt người mệt do bị co cơ, không sốt cao, sốt có tính chất chu kì, khoản 6h lại sốt lại 1 lần, không ho, không viêm họng.
* Điều trị: giảm sốt bằng aspirin, Mofen (Ibuprofen) hoặc Efferalgan codein + Oresol (hoặc truyền nước) + vitamin C tăng sức đề kháng + Thymodulin 80mg tăng miễn dịch.
KÊ ĐƠN THAM KHẢO
Người bình thường:

Aspirin 500mg 4v/2l Vitamin C 500mg 2v/2l
Oresol Thymodulin 80mg 2v/2l



Người viêm loét dạ dày



Panadol 500mg 4v/2l Rutin C 4v/2l
Oresol Thymodulin 80mg 2v/2l



Phụ nữ có thai:



Hapacol 500mg 4v/2l Cadimin 500mg 2v/2l
Oresol Thymodulin 80mg 2v/2l



Người già 80 tuổi:



Efferalgan codein 500mg 1v/1l Upa C 1g 1v/1l
Oresol Thymodulin 80mg 2v/2l



Trẻ em 7 tuổi:



Hapacol 250 2v/2l Rutin C 2v/2l
Oresol Thymodulin 80mg 2v/2l",Bài 1: Các bệnh đường hô hấp
PHẦN II – CÁC BỆNH THƯỜNG GẶP,"CÁC BỆNH VỀ MẮT VÀ TAI
1. BỆNH ĐAU MẮT ĐỎ:
*Triệu chứng: mắt đỏ rực, ngứa mắt, có gèn ri, nhức mắt, đau, sưng
* Điều trị: kháng sinh Quinolon nhóm Tetracylin  + chống viêm + giảm đau + nước rửa mắt Nacl 0,9% + các thuốc kháng sinh nhỏ mắt + bổ mắt + Rutin C
KÊ ĐƠN THAM KHẢO
Người bình thường:
+ Đơn 1:

Ciprofloxacin 500mg 2v/2l
Lysozim 90mg 4v/2l
Hapacol 500mg 4v/2l
Nacl 0,9% rửa mắt
Tobrex nhỏ mắt
Vitamin A, D 2v/2l
Rutin C 4v/2l

+ Đơn 2;

Ofloxacin 200mg 2v/2l
Prednisolon 5mg 4v/2l
Panadol Extra 500mg 4v/2l
Nacl 0,9% rửa mắt
Naphacolyre nhỏ mắt
Tobicom 2v/2l
Rutin C 4v/2l



Phụ nữ có thai:


+ Đơn 1:

Zinnat 500mg 4v/2l
Alpha choay 5mg 4v/2l
Nacl 0,9% rửa mắt
Efferalgan 500mg 4v/2l
Dovamed nhỏ mắt
Omega 3 2v/2l
Rutin C 4v/2l

+ Đơn 2:

Augmentin 1g 2v/2l
Alpha choay 5mg 4v/2l
Partamol 500mg 4v/2l
Nacl 0,9% rửa mắt
Nemydexa nhỏ mắt
Dầu gan cá Hạ Long 2v/2l
Rutin C 4v/2l



Người viêm loét dạ dày:


+ Đơn 1:

Clarythromycin 500mg 2v/2l
Seratiol speptid 10mg 4v/2l
Paracetamol 500mg 4v/2l
Nacl 0,9% rửa mắt
Neomycin nhỏ mắt
Dầu gan cá 4v/2l
Rutin C 4v/2l

+ Đơn 2;

Amoxccillin 500mg 4v/2l
Alpha choay 5mg 4v/2l
Paracetamol 500mg 4v/2l
Nacl 0,9% rửa mắt
Colydexa nhỏ mắt
Dầu gấc Gavita 2v/2l
Rutin C 4v/2l



Người già 80 tuổi:


+ Đơn 1:

Ofloxacin 200mg 2v/2l
Lysozim 90mg 4v/2l
Paracetamol 500mg 4v/2l
Nacl 0,9% rửa mắt
Oflovid nhỏ mắt
Gassta 4v/2l
Rutin C 4v/2l

+ Đơn 2:

Zinnat 500mg 2v/2l
Bethamethasol 5mg 4v/2l
Efferalgan 500mg 4v/2l
Nacl 0,9% rửa mắt
Tobrex nhỏ mắt
Dầu gấc vinaga 2v/2l
Rutin C 4v/2l



Tre em 7 tuổi:


+ Đơn 1: 

Clarythromycin 250mg 2v/2l
Alpha choay 5mg 2v/2l
Panadol 500mg 2v/2l
Nacl 0,9% rửa mắt
Lecinflox nhỏ mắt
Gấc cá hang 2v/2l
Rutin C 2v/2l

+ Đơn 2;

Cefixime 100mg 2v/2l
Alpha choay 5mg 2v/2l
Hapacol 500mg 2v/2l
Nacl 0,9% rửa mắt
Tobrex nhỏ mắt
Gấc cá hang 2v/2l
Rutin C 2v/2l

2. BỆNH ĐAU MẮT HỘT
*Triệu chứng:  cộm mắt, đỏ mắt, gèn rỉ, chảy nước mắt, ngứa mắt.
* Điều trị: Giống điều trị đau mắt đỏ.
KÊ ĐƠN THAM KHẢO
 Người bình thường:

Ciprofloxacin 500mg 2v/2l
Lysozim 90mg 4v/2l
Paracetamol 500mg 4v/2l
Nacl 0,9% rửa mắt
Tobrex nhỏ mắt
Vitamin A, D 2v/2l
Rutin C 4v/2l



Người viêm loét dạ dày:



Clarythromycin 50mg 2v/2l          Neomycin nhỏ mắt
Seratiol speptid 10mg 4v/2l          Dầu gan cá 4v/2l
Nacl 0,9% rửa mắt Rutin C 4v/2l



Phụ nữ có thai:



Zinnat 500mg 4v/2l Dovamed nhỏ mắt
Alpha choay 5mg 4v/2l Omega 3 2v/2l
Nacl 0,9% rửa mắt Rutin C 4v/2l



Người già 80 tuổi:



Ofloxacin 200mg 2v/2l Oflovid nhỏ mắt
Seratiol speptid 10mg 4v/2l Gassta 4v/2l
Nacl 0,9% rửa mắt Rutin C 4v/2l



Trẻ em 7 tuổi:



Clarythromycin 250mg 2v/2l Lecinflox nhỏ mắt
Alpha choay 5mg 2v/2l omega 3 2v/2l
Nacl 0,9% rửa mắt Rutin C 2v/2l

3.VIÊM BỜ MI:
* Triệu chứng: sưng 2 mi mắt, đỏ, mọng
* Điều trị; kháng sinh + chống viêm phù nề + giảm đau + Nacl 0,9% rửa mắt + Tetracylin (bôi tại chỗ)
KÊ ĐƠN THAM KHẢO
Người bình thường:
+ Đơn 1:

Azithromycin 50mg 1v/1l
Lysozim 90mg 4v/2l
Efferalgan 500mg 1v/1l cách 4-6h
Nacl 0,9% rửa mắt
Tetractlin bôi

+ Đơn 2:

Ciprofloxacin 500mg 2v/2l
Dexamethasol 5mg 4v/2l
Patamol 500mg 4v/2l
Nacl 0,9% rửa mắt
Tetracylin bôi



Phụ nữ có thai:


+ Đơn 1:

Amoxccillin 500mg 4v/2l
Alpha choay 5mg 4v/2l
Hapacol 4v/2l
Nacl 0,9% rửa mắt

+ Đơn 2:

Klamentin 1g 2v/2l
Alpha choay 5mg 4v/2l
Patamol 500mg 4v/2l
Nacl 0,9% rửa mắt



Người viêm loét dạ dày:


+ Đơn 1:

Clarythromycin 500mg 2v/2l
Seratiol speptid 10mg 4v/2l
Panadol 500mg 4v/2l
Nacl 0,9% rửa mắt
Tetracylin bôi

+ Đơn 2:

Amoxccillin 500mg 4v/2l
Alpha choay 5mg 4v/2l
Hapacol 500mg 4v/2l
Nacl 0,9% rửa mắt
Gantamycin bôi



Người già 80 tuổi:


+ Đơn 1:

Cefixime 200mg 2v/2l
Lysozim 90mg 4v/2l
Patamol 500mg 4v/2l
Nacl 0,9% rửa mắt
Chlorocina H bôi

+ Đơn 2:

Zinnat 500mg 2v/2l
Lysozim 90mg 4v/2l
Panadol 50mg 4v/2l
Nacl 0,9% rửa mắt
Tetracylin bôi



Trẻ em 7 tuổi:


+ Đơn 1:

Zinnat 250mg 2v/2l
Alpha choay 5mg 2v/2l
Hapacol 250mg 2v/2l
Nacl 0,9% rửa mắt

+ Đơn 2:

Cefixime 100mg 2v/2l
Alpha choay 5mg 2v/2l
Partamol 250mg 2v/2l
Nacl 0,9% rửa mắt

4.LÊN LẸO Ở MẮT:
* Triệu chứng: Mọc mụn ở mọng mắt, đau, có mủ
* Điều trị: kháng sinh + chống viêm corticoid + giảm đau + Nacl 0,9% rửa mắt
KÊ ĐƠN THAM KHẢO
– Người bình thường:

Erythromycin 500mg 2v/2l           Nacl 0,9% rửa mắt
Prednisolon 5mg 4v/2l Tetracylin bôi
Efferalgan sủi 500mg 1v/1l cách 4-6h



Người viêm loét dạ dày:



Clarythromycin 500mg 2v/2l
Seratiol speptid 10mg 4v/2l
Patamol 500mg 4v/2l
Nacl 0,9% rửa mắt
Chlorocima H bôi



Phụ nữ có thai:



Cefadroxin 500mg 4v/2l Hapacol 500mg 4v/2l
Alpha choay 5mg 4v/2l Nacl 0,9% rửa mắt



Người già 80 tuổi:



Azithromycin 500mg 1v/1l Nacl 0,9% rửa mắt
Bethamethasol 5mg 4v/2l tetracylin bôi
Patamol 500mg 4v/2l



Trẻ em 7 tuổi:



Rovamycin 1,5UI 2v/2l Hapacol 250mg 2v/2l
Alpha choay 5mg 2v/2l Nacl 0,9% rửa mắt

5.BỆNH VIÊM TAI THÔNG THƯỜNG
* Triệu chứng: đau nhức tại tai, đau nhức lên trán và đỉnh đầu, ù tai, có mủ chảy ra, có thể sốt.
* Điều trị: kháng sinh Quinolon + Corticoid + giảm đau hạ sốt + oxi già rửa tai hút mủ  + nhỏ tai bằng các thuốc nhóm Quinolon + Bổ thần kinh (nếu cần)
KÊ ĐƠN THAM KHẢO
Người bình thường;
+ Đơn 1:

Ofloxacin 200mg 2v/2l
Methyl Prednisolon 4mg 4 v
Panadol 500mg 4v/2l
Oxi già: rửa tai
Oflovid nhỏ tai

+ Đơn 2:

Levofloxacin 500mg 2v/2l
Bethamethasol 5mg 4v/2l
Hapacol 500mg 4v/2l
Oxi già
Ofloxacin (Ifexim, Oflovid) nhỏ 1 giọt, 3 lần/ngày



Người viêm loét dạ dày:


+ Đơn 1:

Clarythromycin 500mg 2v/2l
Seratiol speptid 10mg 4v/2l
Patamol 500mg 4v/2l
Oxi già
Polydexa nhỏ tai

+ Đơn 2:

Amoxccillin 500mg 4v/2l
Alpha choay 5mg 4v/2l
Hapacol 500mg 4v/2l
Oxi già
Collydexa nhỏ 2-3 giọt 3-4 lần/ngày



Phụ nữ có thai:


+ Đơn 1:

Klamentin 1g 2v/2l
Alpha choay 5mg 4v/2l
Hapacol 500mg 4v/2l
Oxi già
Polymax

+ Đơn 2:

Augmentin 1g 2v/2l
Alpha choay 5mg 4v/2l
Patamol 500mg 4v/2l
Oxi già
Tobrex



Người già 80 tuổi:


+ Đơn 1:

Azithromycin 500mg 1v/1l
Bethamethasol 5mg 4v/2l
Panadol 500mg 4v/2l
Oxi già
Lecinflox nhỏ tai

+ Đơn 2:

Ofloxacin 200mf 2v/2l
Lysozim 90mg 4v/2l
Panadol 500mg 4v/2l
Oxi già
Cprofloxacin nhỏ tai



Trẻ em 7 tuổi:


+ Đơn 1:

Clarythromycin 250mg 2v/2l
Alpha choay 5mg 2v/2l
Hapacol 500mg 2v/2l
Oxi già
Oflovid nhỏ tai

+ Đơn 2:

Klamentin 625 2v/2l
Alpha choay 5mg 2v/2l
Hapacol 500mg 2v/2l
Oxi già
Tobrex nhỏ tai","Bài 2: Các bệnh về mắt, tai"
PHẦN II – CÁC BỆNH THƯỜNG GẶP,"CÁC BỆNH VỀ TUẦN HOÀN NÃO
1.RỐI LOẠN TIỀN ĐÌNH
* Triệu chứng: Chóng mặt, buồn nôn, mất thăng bằng, không đứng đi được, người nôn nao đau đầu
* Điều trị: Các thuốc chống rối loạn tiền đình + tuần hoàn não + bổ thần kinh 3B, Magic B6, B6 + giảm đau có thành phần Codein trong paracetamol.
* Chú ý: các thuốc rối loạn tiền đình gồm có:

Stugezol 25mg 4v/2l
Piracetam 400mg 4v/2l và 800mg 2v/2l
Tanganin 500mg 4v/2l
Caviton 5mg 4v/2l

KÊ ĐƠN THAM KHẢO
Người bình thường:
+ Đơn 1:

Tanganin (Acetyl Cystein DL Leucine) 500mg 4v/2l 
Ginkovimax 2v/2l 
Magie B6 2v/2l 
Efferalgan Codein sủi 500mg 1v/1l cách 4-6h

+ Đơn 2:

Piracetam 800mg 2v/2l
THN Thái Dương 4v/2l
Magie B6 2v/2l
Hapacol codein 1v/1l cách 4-6h



Người viêm loét dạ dày:


+ Đơn 1:

Stugezol 25mg 4v/2l 
Hoạt huyết CM3 2v/2l 
3B 2v/2l 
Partamol 500mg 4v/2l 

+ Đơn 2:

Tanganin 500mg 4v/2l
HH Minh Não Khang 2v/2l
Vitamil B6 2v/2l
Panadol 500mg 4v/2l



Phụ nữ có thai:


+ Đơn 1;

Stugezol 25mg 4v/2l
Hoạt huyết Thái Dương 2v/2l
3B 2v/2l
Partamol 500mg 4v/2l

+ Đơn 2: 

Stugezol 25mg 4v/2l
Ginkovimax 2v/2l
3B 2v/2l
Hapacol 500mg 4v/2l



Người già 80 tuổi:


+ Đơn 1:  

Caviton 5mg 4v/2l
HHDN Nhất Tâm 2v/2l
Vitamin B6 2v/2l
Hapacol Codein sủi 500mg 1v/1l cách 4-6h

+ Đơn 2:

Tanganin 500mg 4v/2l
HHDN Traphaco 6v/2l
3B 2v/2l
Panadol Extra 4v/2l

2.BỆNH ĐAU NỬA ĐẦU.
* Triệu chứng: đau 1 nửa bên đầu, tê bì 1 bên mặt, uống thuốc giảm đau thông thường không khỏi.
* Điều trị: uống các thuốc goảm đau nửa đầu + giảm đau thông thường + tuần hoàn não +bổ thần kinh
* Lưu ý: –  Ergotamin (Tamik): không dùng cho người bị viêm loét dạ dày, người tăng huyết áp, phụ nữ có thai và cho con bú..
– Sibelium(Flunarizin), siberizin; dùng cho phụ nữ có thai
– siberizin 5mg 2v/2l, Sibelium 5mg 2v/2l : đối với người từ 65 tuổi trở xuống dùng 10mg = 2v/2l/ngày và trên 65 tuổi uống 5mg = 1 viên/ngày.
KÊ ĐƠN THAM KHẢO
– Người bình thường:
+ Đơn 1:

Tamik 3mg 2v/2l
Efferalgan codein sủi 500mg 1v/1l cách 4-6h
HH Nhất Nhất 2v/2l
3B 2v/2l

+ Đơn 2:

Sibelium 5mg 2v/2l
Panadol 500mg 4v/2l
HH CM3 6v/2l
Magie B6 2v/2l



Người viêm loét dạ dày:


+ Đơn 1:

Sibelium 5mg 2v/2l
Patamol 500mg 4v/2l
HH Traphaco 2v/2l
Magie B6 2v/2l

+ Đơn 2;

Sibelium 5mg 2v/2l
Hapacol 500mg 4v/2l 
HH Traphaco 6v/2l
3B 2v/2l 



Phụ nữ có thai:


+ Đơn 1:

Siberizin 5mg 2v/2l
Hapacol 500mg 4v/2l
Hoạt Huyết CM3 2v/2l
Magie B6 2v/2l

+ Đơn 2:

Sibelium 5mg 2v/2l
Partamol 500mg 4v/2l
Ginkovimax 2v/2l
3B 2v/2l



Người già 80 tuổi:


+ Đơn 1:

Tamik 3mg 2v/2l
Panadol Extra sủi 500mg 1v/1l cách 4-6h
Hoạt huyết CM3 2v/2l
3B 2v/2l

+ Đơn 2: 

Siberizin 5mg 1/ngày
Hapacol 500mg 4v/2l
HH Nhất Nhất 2v/2l
3B 2v/2l

3.BỆNH RỐI LOẠN VẬN MẠCH NÃO (ĐAU ĐAY THẦN KINH)
* Triệu chứng: đau giần giật sau gót gáy, đau lên đỉnh đầu, đau thái dương, mất ngủ…
* Điều trị: Giảm đau + bổ thần kinh + hoạt huyết dưỡng não + tăng oxi (Nootropyl, Piracetam tăng oxi lên não)
KÊ ĐƠN THAM KHẢO
Người bình thường:
+ Đơn 1:

Hapacol 500mg 4v/2l
Magie B6 2v/2l
HH Nhất Nhất 2v/2l
Nootropyl 400mg 4v/2l

+ Đơn 2:

Panadol Extra 500mg 4v/2l
3B 2v/2l
HH Nhất Nhất 4v/2l
Piracetam 800mg 2v/2l



Người viêm loét dạ dày:


+ Đơn 1:

Partamol 500mg 4v/2l
3B 2v/2l
Ginkovimax 2v/2l
Nootropyl 400mg 4v/2l

+ Đơn 2;

Panadol 500mg 4v/2l
3B 2v/2l
THN Thái Dương 4v/2l
Piracetam 400mg 4v/2l



Phụ nữ có thai:


+ Đơn 1:

Hapacol 500mg 4v/2l
3B 2v/2l
HH Nhất Tâm 2v/2l
Piracetam 800mg 2v/2l

+ Đơn 2:

Partamol 500mg 2v/2l
Ginkovimax 2v/2l
HH Nhất Nhất 4v/2l
Nootropyl 400mg 4v/2l



Người già 80 tuỏi:


+ Đơn 1:

Efferalgan sủi 500mg 1v/1l cách 4-6h
3B 2v/2l
Hoạt huyết CM3 2v/2l
Piracetam 400mg 4v/2l

+ Đơn 2:

Paracetamol 500mg 4v/2l
3B 2v/2l
THN Thái Dương 4v/2l
Nootropyl 400mg 4v/2l

4.BỆNH ĐAU ĐẦU DO THAY ĐỔI THỜI TIẾT.
* Điều trị; giảm đau, + bổ thần kinh + hoạt huyết dưỡng não
KÊ ĐƠN THAM KHẢO
 Người bình thường

Efferalgan codein 500mg 1v/1l cách 4-6h
3B 2v/2l
Ginkovimax 2v/2l


Người viêm loét dạ dày:


Patamol 500mg 4v/2l
Magie B6 2v/2l
HH Nhất Tâm 2v/2l



Phụ nữ có thai:



Patamol 500mg 4v/2l
3B 2v/2l
Hoạt huyết CM3 2v/2l


Người già 80 tuổi:


Panadol 500mg 4v/2l
3B 2v/2l
Biloba TV 2v/2l

5.BỆNH GIẢM TRÍ NHỚ DO HỌC HỌC HÀNH CĂNG THẲNG HOẠC DO MẤT NGỦ, SUY NGHĨ NHIỀU.
* Điều trị: hoạt huyết dưỡng não + thuốc tăng cường trí nhớ + 3B+ Omega3
* Thuốc tăng cường trí nhớ:

Ích Mộc Trĩ 2v/2l
Otiv
Biloba TV

*Kê đơn tham khảo:

HH Nhất Tâm 2v/2l
Ích mộc trí 2v/2l
3B 2v/2l
Omega 3",Bài 3:Các bệnh về tuần hoàn não
PHẦN II – CÁC BỆNH THƯỜNG GẶP,"CÁC BỆNH VỀ XƯƠNG KHỚP
1.BỆNH VIÊM ĐA KHỚP THẤP
* Triệu chứng:Đau khớp có tính chất đối xứng, khoa vận đọng do cứng khớp vào buổi sáng, thường gặp ở phụ nữ 35 tuổi.
* Điều trị:Kháng sinh (Clidamycin 2v/2l, Lincommycin 4v/2l, penicillin 4v/2l) + chống viêm trong nhóm Phisteroid 2v/2l + giản cơ, co cơ+ 3B 2v/2l + Vitamin E + dán giảm đau, bôi giảm đau.
* Chú ý: – Meloxicam không dùng cho người viêm loét dạ dày.
– Giảm cơ, co cơ: không dùng cho phụ nữ có thai
KÊ ĐƠN THAM KHẢO
Người bình thường:
+ Đơn 1:

Clindamycin 300mg 2v/2l 3B 2v/2l
Meloxicam 7,5mg 2v/2l Vitamin E 1v/1l
Decoltractyl 250mg 4v/2l Voltaren (bôi giảm đau)

+ Đơn 2:

Penicillin 1UI 4v/2l 3B 2v/2l
Diclofenac 500mg 2v/2l Vitamin E 1v/1l
Mydocalm 150mg 2v/2l Salonpas dán


Người viêm loét dạ dày:

+ Đơn 1:

Penicillin 1.000.000 đv 4v/2l Vitamin E 1v/1l
Celecoxib 200mg 2v/2l Salonpas dán
Decoltractyl 250mg 4v/2l gastropulgite (bao vết loét)
3B 2v/2l

      + Đơn 2:

Clarythromycin 500mg 2v/2l Vitamin E 1v/1l
Celecoxib 200mg 2v/2l salonsip dán
Musteet 250mg 6v/2l Gastropulgite 2v/2l
3B 2v/2l



Người già 80 tuổi:


+ Đơn 1:

Lincomycin 500mg 4v/2l 3B 2v/2l
Meloxicam 7,5mg 2v/2l Vitamin E 1v/1l
Decoltractyl 250mg 4v/2l Cốt thống linh dán

      + Đơn 2:

Clindamycin 300mg 2v/2l 3B 2v/2l
Diclofenac 500mg 2v/2l Vitamin E 1v/1l
Mydonar 50mg 2v/2l Gấu trắng Misa bôi



Phụ nữ có thai;


+ Đơn 1:

Klamentin 1g 2v/2l Vitamin E 1v/1l
Celecoxib 200mg 2v/2l Ecosip dán
3B 2v/2l

+ Đơn 2:

Augmentin 1g 2v/2l Vitamin E 1v/1l
Alpha choay 5mg 4v/2l Ecosip dán
3B 2v/2l

2.VIÊM KHỚP (XẢY RA VỚI MỌI ĐỐI TƯỢNG)
* Triệu chứng: sưng, nóng, đỏ, đau tại 1 vị trí của khớp, khó cử động, cứng khớp.
* Điều trị: kháng sinh xương khớp + chống viêm Phisteroid  + 3B + Vitamin E
KÊ ĐƠN THAM KHẢO
Người bình thường:
+ Đơn 1:

Penicillin 1.000.000 Đv 4v/2l 3B 2v/2l
Meloxicam 7,5mg 2v/2l Vitamin E 1v/1l

 + Đơn 2:

Amoxccillin 500mg 4v/2l 3B 2v/2l
Celecoxib 200mg 200mg 2v/2l Vitamin E 1v/1l


Người viêm loét dạ dày: 

+ Đơn 1:

Amoxccillin 500mg 4v/2l 3B 2v/2l
Meloxicam 7,5mg 2v/2l Vitamin E 1v/1l

+ Đơn 2: 

Clarythromycin 500mg 4v/2l 3B 2v/2l
Selecap 100mg 4v/2l Vitamin E 1v/1l



Phụ nữ có thai:


+ Đơn 1:

Klamentin 1g 2v/2l 3B 2v/2l
Celecoxib 200mg 2v/2l Vitamin E 1v/1l

+ Đơn 2:

Augmentin 1g 2v/2l 3B 2v/2l
Selecap 200mg 2v/2l Vitamin E 1v/1l



Người già 80 tuổi:


+ Đơn 1:

Clindamycin 300mg 2v/2l 3B 2v/2l
Ibuprofen 500mg 2v/2l Vitamin E 1v/1l

+ Đơn 3:

Amoxccillin 500mg 4v/2l 3B 2v/2l
Paracetamol 500mg 4v/2l Vitamin E 1v/1l



Trẻ em 7 tuổi:


+ Đơn 1;

Amoxccillin 500mg 2v/2l 3B 1v/1l
Alpha choay 5mg 2v/2l

+ Đơn 2;

Augmentin 625mg 2v/2l 3B 1v/1l
Meloxicam 7,5mg 2v/2l

3.THÁI HÓA XƯƠNG KHỚP DẪN ĐẾN THOÁT VỊ ĐĨA ĐỆM ĐỐT SỐNG CỔ C4-5, LƯNG 4-5
* Triệu chứng: Đau C4-5, đau lên đầu, chóng mặt mất ngu, đau lan vai gáy, cánh tay đau nhức, tê buốt không cử động được. Đau L4-5 đau bại 2 bên hông, đau lan xuống 2 bên chân, khó cử động, nặng có thể bị bại liệt.
* Điều trị: Chống viêm giảm đau Phisteroid + Glucosamin (Glucosamin + Chondroitin) + canxi + giãn cơ co cơ + 3B + dán giảm đau hoặc bôi + Vitamin E.
* Chú ý:Glucosamin : không dùng cho Phụ nữ có thai và cho con bú, trẻ em dưới 12 tuổi.
KÊ ĐƠN THAM KHẢO
Người bình thường:
+ Đơn 1:

Meloxicam 7,5mg 2v/2l 3B 2v/2l
Bonlutin (Chondroitin) 4v/2l Salonpas dán
Calcium 2v/2l Vitamin E 1v/1l
Decoltractyl 250mg 4v/2l

+ Đơn 2;

Ibuprofen 500mg 2v/2l 3B 2v/2l
Joint max 4v/2l (trước ăn) Voltaren bôi
Liquid Calcium 2v/2l Vitamin E 1v/1l
Mydocalm 150mg 2v/2l



Người viêm loét dạ dày:


+ Đơn 1:

Celecoxib 200mg 2v/2l 3B 2v/2l
Glucosamin 250mg 4v/2l Vitamin E 2v/2l
Canxi corbire 2 ống/2 lần Voltaren bôi
Decoltractyl 250mg 4v/2l
Gastropulgite (bao vết loét) 2g/2l

+ Đơn 2:

Selecap 200mg 2v/2l 3B 2v/2l
Gastropulgite (bao vết loét) 2g/2l Vitamin E 2v/2l
Davita bone 2v/2l Salonpas dán
Mydocalm 150mg 2v/2l
Jex 2v/2l sau ăn



Phụ nữ có thai:


+ Đơn 1:

Celecoxib 200mg 2v/2l Vitamin E 2v/2l
Canxi corbire 2 ống/ 2 lần Voltaren bôi
3B 2v/2l

+ Đơn 2:

Selecap 200mg 2v/2l Vitamin E 2v/2l
Lyquid calci 2v/2l Salonpas dán
3B 2v/2l

+ Đơn 3;

Augmentin 1g 2v/2l Vitamin E 2v/2l
Davita bone 2v/2l Gấu trắng Misa bôi
3B 2v/2l



Người già
80 tuổi:

+ Đơn 1;

Meloxicam 7,5mg 2v/2l 3B 2v/2l
Glucosamin 1g 2v/2l Vitamin E 1v/1l
Calcium 2v/2l Salonsip dán
Decoltractyl 4v/2l

+ Đơn 2:

Selecap 200mg 2v/2l 3B 2v/2l
Joint mã 4v/2l trước ăn Vitamin E 1v/1l
Davita bone 2v/2l Salonpas dán
Mydonar 500mg 2v/2l

4.BỆNH THOÁI HÓA XƯƠNG Ở NGƯỜI GIÀ DO LÃO HÓA:
* Điều trị: giống bệnh thoái hóa khớp
KÊ ĐƠN THAM KHẢO
+ Đơn 1:

Meloxicam 7,5mg 2v/2l 3B 2v/2l
Glucosamin 1g 2v/2l Vitamin E 1v/1l
Calcium 2v/2l Salonsip dán
Decoltractyl 2v/2l

5.CHẤN THƯƠNG DO VA ĐẬP GÂY BẦM TÍM, SƯNG PHÙ NỀ:
* Điều trị: giảm đau nhóm sương khớp (chống viêm giảm đau Phisteroid ) + các thuốc giảm sưng phù nề (Tan huyết PH, Opzen) + giãn cơ, co cơ + 3B + Vitamin E.
KÊ ĐƠN THAM KHẢO
– Người bình thường:
+ Đơn 1:

Meloxicam 7,5mg 2v/2l 3B 2v/2l
Opzen 4v/2l Vitamin E 1v/1l
Decoltractyl 250mg 4v/2l

+ Đơn 2:

Diclofenac 500mg 2v/2l 3B 2v/2l
Tan huyết PH 4v/2l Vitamin E 1v/1l
Mydocalm 50mg 2v/2l



Người viêm loét dạ dày:


+ Đơn 1:

Celecoxib 200mg 4v/2l 3B 2v/2l
Opzen 4v/2l Vitamin E 1v/1l
Decoltractyl 250mg 4v/2l

+ Đơn 2:

Selecap 20mg 2v/2l 3B 2v/2l
Tan huyết PH 4v/2l Vitamin E 1v/1l
Mylolam 50mg 2v/2l



Phụ nữ có thai:


+ Đơn 1:

Celecoxib 200mg 4v/2l 3B 2v/2l
Decoltractyl 250mg 4v/2l Vitamin E 1v/1l

+ Đơn 2:

Selecap 200mg 2v/2l 3B 2v/2l
Mydocalm 50mg 2v/2l Vitamin E 1v/1l



Người già 80 tuổi:


+ Đơn 1;

Meloxicam 7,5mg 4v/2l 3B 2v/2l
Tan huyết PH 4v/2l Vitamin E 1v/1l
Mydocalm 150mg 2v/2l

+ Đơn 2;

Diclofenac 500mg 2v/2l 3B 2v/2l
Opzen 4v/2l Vitamin E 1v/1l
Mephenesin 250mg 2v/2l



Trẻ em 7 tuổi:


+ Đơn 1:

Celecoxib 200mg 1v/1l Decoltractyl 250mg 2v/2l
Opzen 2v/2l 3B 2v/2l

+ Đơn 2:

Selecap 100mg 2v/2l Mephenesin 250mg 2v/2l
Tan huyết PH 2v/2l 3B 2v/2l

6.SƠ CỨU CÁC VẾT THƯƠNG CHẢY MÁU, MỤN NHỌT.
* Điều trị: rửa bằng oxi già hoặc PVP nếu vết thương bẩn, rắc thuốc đỏ (Rìampicin), băng lại đẻ giảm đau, cầm máu, cho dùng kháng sinh + chống viêm + giảm đau + cầm máu (Trasamin 500mg 4v/2l nếu chảy máu nhiều)
KÊ ĐƠN THAM KHẢO:
– Người bình thường
+ Đơn 1:

Erythromycin 500mg 2v/2l
Lysozim 90mg 4v/2l
Efferalgan sủi 500mg 1v/1l cách 4-6h
Transamin 500mg 4v/2l
Rửa bằng PVP
Rắc Rifampicin băng lại để cầm máu

+ Đơn 2:

Roxithromycin 150mg 2v/2l
Seratiol speptid 10mg 4v/2l
Paracetamol 500mg 4v/2l
Transamin 500mg 4v/2l
Oxi già
Rắc Rifampicin băng lại để cầm máu



Người viêm loét dạ dày:



Clarythromycin 500mg 2v/2l
Seratiol speptid 10mg 4v/2l
Patamol 500mg 4v/2l
Transamin 500mg 4v/2l
Rửa bằng oxi già
Rắc Rifampicin băng lại để cầm máu

+ Đơn 2:

Amoxccillin 500mg 4v/2l
Alpha choay 5mg 4v/2l
Hapacol 500mg 4v/2l
Transamin 500mg 4v/2l
Rửa bằng oxi già
Rắc Rifampicin băng lại để cầm máu


Phụ nữ có thai:

+ Đơn 1:

Ampicillin 500mg 4v/2l
Alpha choay 5mg 4v/2l
Paracetamol 500mg 4v/2l
Transamin 500mg 4v/2l
Rửa bằng oxi già
Rắc Rifampicin băng lại để cầm máu

+ Đơn 2;

Augmentin 1g 2v/2l
Alpha choay 5mg 4v/2l
Partamol 500mg 4v/2l
Transamin 500mg 4v/2l
Rửa bằng oxi già
Rắc Rifampicin băng lại để cầm máu

+ Đơn 3:

Klamentin 1g 2v/2l
Alpha choay 5mg 4v/2l
Hapacol 500mg 4v/2l
Transamin 500mg 4v/2l
Rửa bằng oxi già
Rắc Rifampicin băng lại để cầm máu",Bài 4: Các bệnh về xương khớp
PHẦN II – CÁC BỆNH THƯỜNG GẶP,"BỆNH GOUT
 *Triệu chứng: sưng đau, biến dạng khớp ngón tay,  ngón chân, đỏ nóng.
* Điều trị: uống thuốc chống viêm nhóm Phisteroid + các thuốc giảm acid (Allppurinol) + Glucosamin + Chondroiti (Thực phẩm chức năng) + ăn giảm chất đạm.
* chú ý: colchicin 1mg : ngày đàu dùng 3 viên, ngày 2 dùng 2 viên, ngày 3 trở đi dùng 1 viên vào buổi tối. quá liều: liều độc 10mg, trên 40mg gây tử vong.
*KÊ ĐƠN THAM KHẢO
Người bình thường:
+ Đơn1:

Meloxicam 7,5mg 4v/2l Gout Tân Bình 4v/2l
Colchicin 1mg 2v/2l Ăn giảm chất đạm
Jex 2v/2l

+ Đơn 2:

Diclofenac 500mg 2v/2l Gout PV 4v/2l
Allopurinol 300mg 2v/2l Ăn giảm chất đạm
Jex 2v/2l



Người viêm loét dạ dày:


+ Đơn 1:

Celecoxib 200mg 2v/2l Hoàng thống phong 6v/2l
Allopurinol 300mg 2v/2l Ăn giảm chất đạm
Glucosamin 250mg 4v/2l

+ Đơn 2:

Selecap 200mg 2v/2l Gout Tân Bình 4v/2l
Colchicin 1mg 2v/2l Ăn giảm chất đạm
Joint max 4v/2l trước ăn



Người già 80 tuổi:


+ Đơn 1:

Meloxicam 7,5mg 4v/2l Gout PV 4v/2l
Colchicin 1mg 2v/2l Ăn giảm chất đạm
Glucosamin 250mg 4v/2l

+ Đơn 2:

Ibuprofen 2v/2l Gout Tân Bình 4v/2l
Allopurinol 300mg 2v/2l Ăn giảm chất đạm
Jex 2v/2l",Bài 5: Bệnh gout
PHẦN II – CÁC BỆNH THƯỜNG GẶP,"CÁC BỆNH VỀ HỆ TIÊU HÓA
1.BỆNH VIÊM LOÉT DẠ DÀY – TÁ TRÀNG
* Triệu chứng: ợ hơi, ợ chua, nóng rát vùng thượng vị, đau quặn bụng, nóng bụng, đầy hơi, ăn không tiêu, nôn ra axid dịch vị vào buổi sáng.
* Điều trị: Kháng sinh kết hợp hoặc bộ kid + giảm đau cơ trơn + giảm tiết axid dịch vị + bao viêm loét bằng các bột, gel + Ngậm giảm đau cơ trơn + uống các loại thuốc hỗ trợ (chống đầy hơi chướng bụng, hỗ trọ điều trị dạ dày)
KÊ ĐƠN THAM KHẢO
– Người bình thường:
+ Đơn 1:

Amoxccillin 500mg 4v/2l Gastropulgite 3g 2g/2l
Clarythromycin 500mg 2v/2l Malox 2v/2l
Metronidazol 250mg 2v/2l Mutilium M 2v/2l
Nospa 40mg 4v/2l Tinh chất nghệ 2g/2l
Nexium 40mg 1v/1l lúc đói buổi sáng



Người viêm loét dạ dày:



Amoxccillin 500mg 4v/2l Pantoloc 40mg 1v/1l
Clarythromycin 500mg 2v/2l Noifel 3g 2g/2l
Tinidazol 500mg 4v/2l Kremil – S 2v/2l
Spasmacerine 40mg 4v/2l Ampelop 4v/2l



Người già 80 tuổi:



Amoxccillin 500mg 4v/2l Gastropulgite 3g 2g/2l
Metronidazol 250mg 2v/2l Edoz 2g/2l
Nospa 40mg 4v/2l Mật ong nghệ đen 4v/2l
Muois Nabica uống lúc đói



Phụ nữ có thai:



Amoxccillin 500mg 4v/2l Phosphalugel 3g 2g/2l
Clarythromycin 500mg 2v/2l Kremil – S 2v/2l
Spasmacerine 40mg 4v/2l Noifel 3g 2g/2l
Tinidazol 500mg 4v/2l         Ampelop 4v/2l



Người già 80 tuổi:



Amoxccillin 500mg 4v/2l         Gastropulgite 3g 2g/2l
Metronidazol 250g 2v/2l         Edoz 2g/2l
Nospa 40mg 4v/2l         Mật ong nghệ đen 4v/2l
Muối Nabica uống lúc đói



Phụ nữ có thai:



Amoxccillin 500mg 4v/2l Phosphalugel 3g 2g/2l
Clarythromycin 500mg 2v/2l Kremil – S 2v/2l
Nospa 40mg 4v/2l Ampelop 4v/2l
Muối Nabica uống lúc đói

2.VIÊM ĐẠI TRÀNG MÃN TÍNH.
* Triệu chứng: đau bụng hạ sườn trái, ăn thức ăn lạ vào bị đi ngoài phân nát, phân sống, mùi khắm.
* Điều trị:Kháng sinh đường ruột (kháng sinh kị khí) + giảm đau cơ trơn + men tiêu hóa + B1 + bổ sung chất sơ + cá thuốc chữa đại tràng.
KÊ ĐƠN THAM KHẢO
Người bình thường:

Biseptol 480mg 4v/2l B1 2v/2l
Nospa 40mg 4v/2l Vitan 1 2g/2l
Biolac A+ 4v/2l Đại tràng Bảo Nguyên 4v/2l



Người viêm loét dạ dày:



Berberin 4v/2l B1 2v/2l
Nospa 40mg 4v/2l Vitan 1 2g/2l
Biolac 2g/2l Đại tràng Tâm Bình 2v/2l



Phụ nữ có thai:



Amoxccillin 500mg 4v/2l B1 2v/2l
Spasmaverine 40mg 4v/2l Santafe 2g/2l
Biobisamin gold 2g/2l Đại Tràng Khang 2g/2l



Người già 80 tuổi:



Metronidazol 250mg 4v/2l B1 2v/2l
Sapsmaverine 40mg 4v/2l Santafe 2g/2l
Lactomin 2g/2l Đại tràng Tâm Bình 2v/2l

3.VIÊM ĐẠI TRÀNG CO THẮT
* Triệu chứng: đau hạ sườn trái, đi ngoài phân cứng
* Điều trị: uống giảm đau cơ trơn+ uống thuốc nhuận tràng + chất sơ + men tiêu hóa + xoa bụng làm mềm phân. (uống nhiều nước, ăn nhiều rau, vận động)
* Kê đơn tham khảo
Người bình thường:
+ Đơn 1:

Nospa 40mg 4v/2l Vitan 1 2g/2l
Sorbitol 5g 2g/2l Lactomin 2g/2l

+ Đơn 2:

Spasmaverine 40mg 4v/2l Santafe 2g/2l
Forlax 10g 2g/2l Bio-acimin gold 2g/2l



Người viêm loét dạ dày:


+ Đơn 1:

Nospa 40mg 4v/2l Nhuận táo PV siro 15ml/2l
Vitan 1 2g/2l Biotic Multi 2g/2l

+ Đơn 2:

Spasmaverine 40mg 4v/2l Santafe 2g/2l
Duphalac 2g/2l Probiokid 2g/2l



Phụ nữ có thai:


+ Đơn 1:

Nospa 40mg 4v/2l Vitan 1 2g/2l
Forlax 3g/3l Biolac 2-4g/ngày

+ Đơn 2:

Nospa 40mg 4v/2l Santafe 2g/2l
Nhuận táo PV siro 15ml/2l Enterogermine 2 ống/2l



Người già 80 tuổi:


+ Đơn 1:

Spasmaverine 40mg 4v/2l Santafe 2g/2l
Duphalac 2g/2l Bioacemin gold 2g/2l

+ Đơn 2:

Nospa 40mg 4v/2l
Thông táo Hoa Linh 10ml x 2-3l/ngày
Vitan 1 2g/2l
Biolac 2g/2l/ngày



Trẻ em 7 tuổi:


+ Đơn 1:

Nospa 40mg 2v/2l Vitan 1 2g/2l
Nhuận táo PV siro 10ml/2l 4, Probiokid 2g/2l

+ Đơn 2:

Nospa 40mg 2v/2l Santafe 2g/2l
Ovalac 5mg 1v/1l/ngày uống tối Biolac 2g/2l

4.TIÊU CHẢY DO MỌI NGUYÊN NHÂN
* Triệu chứng: Đau quặn bụng, đi ngoài nhiều lần, phân lỏng
* Điều trị: kháng sinh đường ruột + cầm tiêu chảy + men tiêu hóa + Oresol
KÊ ĐƠN THAM KHẢO:
 Người bình thường:
+ Đơn 1:

Biseptol 480mg 4v/2l Lactomin 2g/2l
Loperamide 4v/2l Oresol

+ Đơn 2:

Tinidazol 500mg 4v/2l 3 .bioacemin 2v/2l
Bermoric 4v/2l Oresol



Người viêm loét dạ dày:


+ Đơn 1;

Metronidazol 250mg 4v/2l Biophanew 2g/2l
Loperamide 4v/2l Oresol

+ Đơn 2:

Biseptol 480mg 4v/2l Biotic 3g/3l
Hidrasec 30mg 2g/2l Oresol



Người già 80 tuổi:


+ Đơn 1:

Sulfaganin 500mg 2v/2l Biotic Multin 2g/2l
Loperamide 4v/2l Oresol

+ Đơn 2:

Tetracylin 500mg 2v/2l Biophanew 2g/2l
Bermoric 4v/2l Oresol

+ Đơn 3;

Mộc hoa trắng 4v/2l Biolac 2-4g/ngày
Ercefuryl 200mg 4v/2l Oresol



Phụ nữ có thai:


+ Đơn 1:

Amoxccillin 500mg 4v/2l Biosubtyl 2g/2l
Loperamide 4v/2l Oresol

+ Đơn 2;

Biseptol 480mg 4v/2l Biophanew 2g/2l
Ercefuryl 200mg 4v/2l                    Oresol



Trẻ em 7 tuổi:


+ Đơn 1;

Mộ hoa trắng 2v/2l Enterogermine 2 ống/2l
Loperamide 2v/2l Oresol

+ Đơn 2:

Metronidazol 250mg 2v/2l Biolac 1-2g/2l/ngày
Bermoric 2v/2l Oresol

5.TIÊU CHẢY DO NGỘ ĐỘC THỨC ĂN
* Triệu chứng: miệng nôn, trôn tháo, đi ngoài nhiều lần, phân lỏng, đau quặn bụng.
* Điều trị: Giải độc bằng than hoạt tính hoặc bằng đường glucose + kháng sinh đường ruột + giảm đau cở trơn + cầm tiêu chảy + men tiêu hóa.
KÊ ĐƠN THAM KHẢO
Người bình thường:
+ Đơn 1:

Cloroxit 250mg 4v/2l                     Lactomin 2g/2l
Nospa 40mg 4v/2l Đường glucose
Loperamide 4v/2l

+ Đơn 2;

Biseptol 480mg 4v/2l Bioacemin 2v/2l
Spasmaverine 40mg 4v/2l Đường glucose
Bermoric 4v/2l



Người viêm loét dạ dày:


+ Đơn 1:

Biseptol 480mg 4v/2l Biotic multi 2g/2l
Spasmaverine 40mg 4v/2l Đường glucose
Loperamide 4v/2l

+ Đơn 2:

Metronidazol 500mg 4v/2l Eternamozol 2g/2l
Nospa 40mg 4v/2l Đường glucose
Bermoric 4v/2l



Phụ nữ có thai:


+ Đơn 1:

Amoxccillin 500mg 4v/2l Enterogermine 2 ống/2l
Nospa 40mg 4v/2l Đường glucose
Loperamide 4v/2l

+ Đơn 2:

Ampicillin 500mg 4v/2l Eternamozol 2g/2l
Spasmaverine 40mg 4v/2l Đường glucose



Người già 80 tuổi:


+ Đơn 1:

Metronidazol 250mg 4v/2l Biophanew 2g/2l
Spasmaverine 40mg 4v/2l Đường glucose
Loperamide 4v/2l

+ Đơn 2:

Biseptol 480mg 4v/2l Bioacemin 2v/2l
Nospa 40mg 4v/2l Đường glucose
Hidrasec 30mg 2g/2l



Trẻ em 7 tuổi:


+ Đơn 1:

Mộc hoa trắng 2v/2l Enterogermine 2 ống/2l
Nospa 40mg 2v/2l Đường glucose
Loperamide 2v/2l

+ Đơn 2:

Biseptol 480mg 2v/2l Bioacemin 2v/2l
Spasmaverine 40mg 2v/2l Đường glucose
Loperamide 2v/2l",Bài 6: Các bệnh về tiêu hóa
PHẦN II – CÁC BỆNH THƯỜNG GẶP,"CÁC BỆNH VỀ TIẾT NIỆU – SINH DỤC
1.VIÊM ĐƯỜNG TIẾT NIỆU, VIÊM BÀNG QUANG.
* Triệu chứng:  đái dắt, đái buốt, đái đục, đái máu hồng, đau quặn bụng, bí tiểu.
* Điều trị:  kháng sinh nhóm kị khí, Quinolon (Nanidixic 500mg, Fefloxacin) + giảm đau cơ trơn + sát khuẩn đường tiết niệu (Xanh Methylene) + Vitamin C liều cao + tà râu ngô, bông mã đề lợi tiểu.
* Chú ý: nếu chảy máu nhiều cho uống thuốc cầm máu: Trasatin 500mg 4v/2l
KÊ ĐƠN THAM KHẢO
Người bình thường:
+ Đơn 1;

Nanidixic 500mg 4v/2l Upa C 1g 1v/1l
Nospa 40mg 4v/2l Trà râu ngô
Mifasoblue (Xanh Me) 8v/2l

+ Đơn 2:

Fefloxacin 400mg 2v/2l Vitamin C 500mg 2v/2l
Spasmaverine 40mg 4v/2l Furocemid 40mg 1v/ngày
Mifasoblue (Xanh Me) 8v/2l …(lợi tiểu)



Người viêm loét dạ dày:


+ Đơn 1:

Metronidazol 250mg 4v/2l Rutin C 6v/2l
Spasmaverine 40mg 4v/2l Trà râu ngô
Mifasoblue (Xanh Me) 8v/2l

+ Đơn 2:

Fefloxacin 400mg 2v/2l Vitamin C 500mg 2v/2l
Nospa 40mg 4v/2l Furocemid 40mg 1v/ngày
Mifasoblue (Xanh Me) 8v/2l



Phụ nữ có thai:


+ Đơn 1;

Zinnat (cefuroxim ) 500mg 2v/2l Vitamin C 1g 1v/1l
Nospa 40mg 4v/2l Bông mã đề

+ Đơn 2:

Augmentin 1g 2v/2l Vitamin C 500mg 2v/2l
Nospa 40mg 4v/2l Furocemid 40mg 1v/ngày



Người già 80 tuổi:


+ Đơn 1:

Biseptol 480mg 4v/2l Rutin C 6v/2l
Spasmaverine 40mg 4v/2l Bông mã đề
Mifasoblue (Xanh Me) 8v/2l

+ Đơn 2:

Amoxccillin 500mg 4v/2l Vitamin C 1g 1v/1l
Nospa 40mg 4v/2l Furocemid 40mg 1v/1l/ngày
Mifasoblue (Xanh Me) 8v/2l



Trẻ em 7 tuổi


+ Đơn 1:

Mộc hoa trắng 2v/2l Upa C 1g 1v/1l
Nospa 40mg 2v/2l Trà râu ngô

+ Đơn 2;

Klamentin 625mg 2v/2l Vitamin C 500mg 2v/2l
Spasmaverine 40mg 2v/2l Furocemid 40mg 1v/ngày

2.VIÊM LỖ HẬU MÔN
* Triệu chứng: đi ngoài phân bình thường, đi ra máu tươi không có hiện tượng bị trĩ, đau rát sau khi đi vệ sinh
* Điều trị: kháng sinh kị khí + giảm đau cơ trơn + cầm máu + Vitamin C + men tiêu hóa + ngâm rửa PVP + bôi kháng sinh tại chỗ viêm.
KÊ ĐƠN THAM KHẢO
 Người bình thường:
+ Đơn 1:

Tinidazol 500mg 4v/2l Lactomin 2g/2l
Spasmaverine 40mg 4v/2l PVP
Transatin 500mg 4v/2l Tetracylin bôi
Upa C 1g 1v/1l

+ Đơn 2:

Biseptol 480mg 4v/2l Biotic 3-4g/ngày
Nospa 40mg 4v/2l PVP
Transatin 500mg 4v/2l Protolog bôi
Vitamin C 500mg 4v/2l



Người viêm loét dạ dày:


+ Đơn 1:

Metronidazol 250mg 4v/2l Biophanew 2g/2l
Spasmaverine 40mg 4v/2l PVP
Trasatin 500mg 4v/2l Chlorocina – H bôi
Rutin C 6v/2l

+ Đơn 2:

Tinidazol 500mg 4v/2l Biolac 2-4g/2l
Nospa 40mg 4v/2l Oxi già
Trasatin 500mg 4v/2l Tetracylin bôi
Vitamin C 1g 1v/1l



Phụ nữ có thai:


+ Đơn 1:

Klamentin 1g 2v/1l Enterogermine 2 ống/2l
Nospa 40mg 4v/2l PVP
Trasatin 500mg 4v/2l Protolog bôi
Vitamin C 1g 1v/1l

+ Đơn 2;

Augmentin 1g 2v/2l Bioacemin 2v/2l
Nospa 40mg 4v/2l Oxi già
Trasatin 500mg 4v/2l Chlorocima – H bôi
Vitamin C 500mg 4c



Người già 80 tuổi:


+ Đơn 1;

Sulfaganin 500mg 4v/2l Biotic multi 2g/2l
Nospa 40mg 4v/2l PVP
Trasatin 500mg 4v/2l Protolog bôi
Vitamin C 1g 1v/1l

+ Đơn 2;

Metronidazol 500mg 2v/2l Eternamozol 2g/2l
Spasmaverine 40mg 2v/2l Oxi già
Trasatin 500mg 2v/2l Tetracylin bôi
Vitamin C 500mg 2v/2l


Trẻ em 7 tuổi:

+ Đơn 1:

Mộc hoa trắng 2v/2l Enterogermine 2 ống/2l
Nospa 40mg 2v/2l PVP
Trasatin 500mg 2v/2l Protolog bôi
Rutin C 4v/2l

+Đơn 2:

Biseptol 480mg 2v/2l Bioacemin 2v/2l
Spasmaverine 40mg 2v/2l Oxy già
Transatin 500mg 2v/2l Tetracyclin bôi
Vitamin C 500mg 2v/2l

3.TRĨ NỘI – TRĨ NGOẠI
Triệu chứng:  Đi ngoài ra máu tươi, đau, buốt
Điều trị: Rửa + bôi Protolog + đặt Protolog + Rutin C + bổ sung chất xơ + nhuận tràng + các thuốc chữa trĩ thảo dược + Daflor (suy tĩnh mạch)
*Các thuốc chữa trĩ bằng thảo dược: Tottri, Daflor: 2v/2l
KÊ ĐƠN THAM KHẢO
 Người bình thường:

Rửa PVP 5. Vitan 1 2v/2l


Bôi Protolog Duphalac 2g/2l/2l


Đặt Protolog Daflor 500mg 4v/2l
Rutin C 6v/2l


Người viêm loét dạ dày:


Rửa PVP Đặt Protolog
Bôi Protolog Rutin C 6v/2l
Vitan 1 2g/2l/ Daflor 500mg 4v/2l
Thông táo hoa linh siro 15ml/2l


Phụ nữ có thai


Rửa PVP Santafe 2v/2l/
Bôi Protolog Nhuận Táo PV 15ml/2l
Đặt Protolog Daflor 500mg 4v/2l/
Rutin C 6v/2l


Người già 80 tuổi:


Rửa PVP Santafe 2v/2l/
Bôi Protolog Sorbitol 5mg 2g/2l
Đặt Protolog Daflor 500mg 4v/2l/
Rutin C 6v/2l

4.NẤM PHẦN PHỤ NỮ GIỚI:
*Triệu chứng: Ngưá bên trong và bên ngoài, ra bọt khí hư màu trắng như bã đậu
*Điều trị: Rửa bằng nước TB hoặc PVP pha loãng + đặt thuốc chống nấm có thành phần Ketoconazol, Canesten (Fluconazil,Clotrimazol), Mycogynax + uống thuốc Ketoconazol 200mg 4v/2l hoặc Fluconazol (vợ 1v, chồng 1v) + bôi thuốc chống nấm
KÊ ĐƠN THAM KHẢO
+Đơn 1:

Rửa bằng PVP pha loãng Nizoral bôi
Fluconazol 150mg 4v/2l
Clotrimazol đặt 1v/1l buổi tối

+Đơn 2:

Nước rửa TB Canestan đặt 1v/1l buổi tối
Ketoconazol 200mg 4v/2l Tomax bôi

5.NẤM CỦA NAM GIỚI:
Triệu chứng: Ngưá phần phụ
Điệu trị: Rửa TB hoặc PVP pha loãng+bôi các thuốc chữa nấm như:
Nystatin, Canestan, Utracom, Ketoconazol, Nizoral, Tomax+uống các thuốc Ketoconazol hoặc Fluconazil
KÊ ĐƠN THAM KHẢO
+Đơn 1:

Rửa bằng PVP pha loãng Nizoral bôi
Fluconazol 250mg 4v/2l

+Đơn 2:

Rửa bằng BT Kentax bôi
Ketoconazol 200mg 4v/2l

6.VIÊM CỔ TỬ CUNG, VIÊM LỘ TUYẾN, VIÊM NHIỄM PHẦN PHỤ
*Triệu chứng: đau bụng dưới, ra khí hư vàng đục xanh như gỉ mũ, hôi tanh khắm, nhầy nhầy
*Điều trị: Rửa bằng các thuốc rửa vệ sinh + các thuốc đặt bên trong phần phụ + uống kháng sinh + chống viêm + giảm đau.
KÊ ĐƠN THAM KHẢO:
+Đơn 1:

Ciprofloxacin 500mg 4v/2l 3.Patamol 500mg 4v/2l
Alpha choay 5mg 4v/2l 4. Lactacyd rửa
Utrogestan đặt 1v buổi tối

+Đơn 2:

Tinidazol 500mg 4v/2l 4. Dạ Hương rửa
Lysozim 90mg 4v/2l 5.Mycogynax đặt 1v tối
Hapacol 500mg 4v/2l

7. RỐI LOẠN KINH NGUYỆT
*Điều trị:

Cao Ích Mẫu (Nước, Viên)
Phụ Huyết Khang
Các viên tránh thai hàng ngày

8.PHỤ NỮ RONG KINH:
Điều trị: Sắt + Rutin C +Transamin + Điều hòa kinh nguyệt
9. BỆNH LẬU, GIANG MAI
*Triệu chứng: Có mũ đặc quánh chảy ra, đau buốt, sưng đỏ, sốt, mọc mụn lốm đốm trên da lở loét.
*Điều trị: Kháng sinh mạnh (nhóm Quinolon)+ chống viêm Corticoid + giảm sốt giảm đau + rửa + bôi thuốc (10 ngày liên tục). Tăng hệ miễn dịch.
KÊ ĐƠN THAM KHẢO
Người bình thường:

Nalidixic 500mg 4v/2l
Prednisolon 5mg 4v/2l
Panadol Extra 500mg 4v/2l
Thymodulin 80mg 2v/2l
Rửa PVP
Untracomb bôi

 Người viêm loét dạ dày:

Amoxccillin 500mg 4v/2l
Clarythromycin 500mg 2v/2l
Alpha choay 5mg 4v/2l
Panadol 500mg 4v/2l
Thymodulin 80mg 2v/2l
Rửa TB
Gentrison bôi

Phụ nữ có thai:

Augmentin 1g 2v/2l
Alpha choay 5mg 4v/2l
Patamol 500mg 4v/2l
Thymodulin 80mg 2v/2l
Rửa TB
Nystatin bôi","Bài 7: Các bệnh về tiết niệu, sinh dục"
PHẦN II – CÁC BỆNH THƯỜNG GẶP,"BỆNH VIÊM CẦU THẬN CẤP
Triệu chứng: đau thắt lưng phải, đi tiểu ra máu hoặc đục, ù tai, người mệt
Điều trị: Kháng sinh (kỵ khí Quinolon) + chống viêm Corticoid + bông mã đề hoặc thuốc cầm máu + hoạt huyết dưỡng não + 3B + Vitamin C liều cao + bổ thận
KÊ ĐƠN THAM KHẢO
Người bình thường:
+Đơn 1:

Ofloxacin 200mg 2v/2l
Methyl Prednisolon 4mg 4v/2l
Trasatin 500mg 4v/2l Xích thố vương 2v/2l
HH Ginkovimax 2v/2l
3B 2v/2l
Vitamin C 1g 1v/1l

+Đơn 2:

Ciprofloxacin 500mg 2v/2l 3B 2v/2l
Dexamethasol 5mg 4v/2l Vitamin C 500mg 2v/2l
Trasatin 500mg 4v/2l Sâm Alipas 2v/2l
HH Traphaco 4v/2l

Người viêm loét dạ dày:
+Đơn 1:

Metronidazol 250mg 4v/2l 3B 2v/2l
Seratiol speptid 10mg 4v/2l Rutin C 6v/2l
Trasatin 500mg 4v/2l Rocket 2v/2l/
HH thái dương 2v/2l

+Đơn 2:

Amoxccillin 500mg 4v/2l 3B 2v/2l
Clarythromycin 500mg 2v/2l Vitamin C 1g 1v/1l
Alpha choay 5mg 4v/2l Bổ thận âm Nhất nhất
Minh Não Khang 2v/2l

Phụ nữ có thai:
+Đơn 1:

Klamentin 1g 2v/2l 3B 2v/2l
Alpha choay 5mg 4v/2l Upa C 1g 1v/1l
Trasatin 500mg 4v/2l Bổ thận âm 2v/2l
HH Ginkoba 2v/2l

+Đơn 2: 

Augmentin 1g 2v/2l 3B 2v/2l
Alpha choay 5mg 4v/2l Rutin C 4v/2l
Trasatin 500mg 4v/2l Bổ thận âm NN 2v/2l
Ginkovimax 2v/2l

Người già 80 tuổi:
+Đơn 1:

Tinidazol 500mg 4v/2l 3B 2v/2l
Dexamethason 5mg 4v/2l Vitamin C 500mg 2v/2l
Trasatin 500mg 4v/2l Cường dược 2v/2l
HHDN CM3 2v/2l

+Đơn 2:

Zinnat 500mg 2v/2l 3B 2v/2l
Lysozim 90mg 4v/2l Vitamin C 500mg 2v/2l
Trasatin 500mg 2v/2l Sâm Alipas 2v/2l
HH CM3 6v/2l

Trẻ em 7 tuổi:

Azithromycin 250mg 2v/2l 4. 3B (HL thấp) 2v/2l
Alpha choay 5mg 2v/2l 5. Vitamin C 250mg 2v/2l
Trasatin 500mg 2v/2l",Bài 8: Bệnh viêm cầu thận cấp
PHẦN II – CÁC BỆNH THƯỜNG GẶP,"BỆNH SUY GAN, SUY GIẢM CHỨC NĂNG GAN DO NGUYÊN NHÂN BIA –RƯỢU
 1.Triệu chứng: chán ăn, mệt mỏi, đau hạ sườn phải ấn tức, con ngươi vàng, vàng tay, vàng da, nước tiểu màu sẫm, hay nổi mẫn ngứa
2.Điều trị: Uống thuốc giảm đau cơ trơn+ các thuốc bổ gan + các thuốc thanh nhiệt giải độc + 3B + kháng Histamin ngắn ngày.

Kê đơn tham khảo:

Người bình thường:
+Đơn 1:

Nospa 40mg 4v/2l
Chức năng gan Bảo Nguyên 2v/2l
Diệp hạ châu 4v/2l
3B 2v/2l
Clorampheniramin 4mg 2v/2l

+Đơn 2:
1, Spasmeverine 40mg 4v/2l
2.Eganin 2v/2l
3.Thanh nhiệt tiêu độc 4v/2l
4.3B 2v/2l

Fexofenadine 80mg 2v/2l

Người viêm loét dạ dày:
+Đơn 1:

Spasmeverine 40mg 4v/2l
Eganin 2v/2l
Thanh nhiệt tiêu độc 4v/2l
3B 2v/2l
Alimemazin 5mg 4v/2l

+Đơn 2:

Nospa 40mg 4v/2l 4. 3b 2v/2l
Arginin 2v/2l 5. Citirizine 10mg 2v/2l
Dưỡng can linh 4v/2l

Người già 80 tuổi
+Đơn 1: 

Nospa 40mg 2v/2l 3B 2v/2l
Arginin 2v/2l Fexofenadine 180mg 1v/1l
Tiêu độc PV 6v/2l

+Đơn 2:

Spasmeverine 40mg 2v/2l 3B 2v/2l
Eganin 2v/2l Citirizine 10mg 2v/2l
Thanh nhiệt tiêu độc 4v/2l

Phụ nữ có thai:

Nospa 40mg 4v/2l 3B 2v/2l
Gadamax 800mg 2v/2l Lorotadyl  10mg 2v/2l
Hepagan sr 30ml/2l

Trẻ em 7 tuổi:

Nospa 40mg 2v/2l Hepagan sr 10ml/2l
3B 2v/2l Clorpheniramin 2mg
RB 25 2v/2l","Bài 9: Bệnh viêm gan, suy giảm chức năng gan do nguyên nhân bia rượu"
PHẦN II – CÁC BỆNH THƯỜNG GẶP,"BỆNH DỊ ỨNG DO MỌI NGUYÊN NHÂN
* Triệu chứng: Mẫn ngứa, nổi mề đay, ngứa khắp nơi
* Điều trị: Kháng Histamin + vitamin C + thanh nhiệt tiêu độc
Kê đơn tham khảo
Người bình thường:

Cloramphenicol 4mg 4v/2l
Upa C sủi 1g 1v/1l
Maranta 4v/2l

Người viêm loét dạ dày:

Alimemazin 5mg 4v/2l
Rutin C 4v/2l
Diệp Hạ Châu 4v/2l

Phụ nữ có thai:

Fexofenadine 120mg 1v/1l
Vitamin C 1g 1v/1l
Hepagan sr 15ml/2l

Người già 80 tuổi:

Peritol 4mg 4v/2l
Cadamin C 500mg 2v/2l
Maranta 4v/2l

Trẻ em 7 tuổi:

Promethazin sr 10ml/2l
Vitamin C 250mg 2v/2l
Thanh nhiệt MP.Sutton 10ml/2l",Bài 10: Dị ứng do mọi nguyên nhân
PHẦN II – CÁC BỆNH THƯỜNG GẶP,"CÁC BỆNH NGOÀI DA
1. BỆNH THỦY ĐẬU:
Triệu chứng: Mọc mụn trên da (lây khắp người) mọc cả trên đầu, trong họng, đầu có bọng nước, ngứa, đau, sưng , viêm tấy đỏ
Điều trị: Bôi xanh Methylen + 1 v Rifampicin hoặc cũng có thể bôi Acyclovir trong trường hợp mụn nước chưa vỡ bong + uống Acyclovir 200mg (người lớn 8v/2l) + nếu sưng viêm tấy đỏ uống thêm kháng sinh + chống viêm + B2 + kháng Histamin chống ngứa + hạ sốt nếu bị sốt + vitamin C tăng đề kháng .
KÊ ĐƠN THAM KHẢO
Người bình thường:
+ Đơn 1:

Azithromycin 500mg 1v/1l Vitamin C 500mg 2v/2l
Lysozym 90mg 4v/2l Acyclovir bôi
B2 4v/2l Xanh Methylen + 1 viên
Clorpheniramin 4mg 4v/2l Rifampicin
Paracetamol 500mg 4v/2l

+Đơn 2:

Amoxcillin 500mg 4v/2l Hapacol 500mg 4v/2l
Vitamin C 1g 1v/1l Acyclovir bôi
Alpha choay 5mg 4v/2l Xanh methylen + 1 viên
B2 4v/2l Rifampicin
Tatrarax 4mg 4v/2l

Người viêm loét dạ dày:
+Đơn 1:

Clarythromycin 500mg 2v/2l Rutin C 4v/2l
Seratiol speptid 10mg 4v/2l Aclyclovir bôi
B2 4v/2l Xanh methylen +1
Alimemazin 5mg 4v/2l viên Rifampicin
Paracetamol 500mg 4v/2l

+Đơn 2:

Cefadroxin 500mg 2v/2l Vitamin C 500mg 2v/2l
Alpha choay 5mg 4v/2l Acyclovir 80mg 2v/2l
B2 4mg 4v/2l Xanh methylen + 1v.. 
Loratydyl 10mg 2v/2l …Rifampicin
Panadol 500mg 4v/2l

Phụ nữ có thai:
+Đơn 1:

Augmentin 1g 2v/2l Rutin C 1g 1v/1l
Alpha choay 5mg 4v/2l Acyclovir 200mg 4v/2l
B2 4v/2l Xanh methylen + 1 viên
Fexofenadin 120mg 1v/1l …Rifampicin

+Đơn 2:

Klamentin 1g 2v/2l Vitamin C 500mg 2v/2l
Alpha choay 5mg 4v/2l Acyclovir bôi
B2 4v/2l Acyclovir 800mg 2v/2l
Cetirizine 10mg 2v/2l Xanh methylen +1v
Panadol 500mg 4v/2l Rifampicin

-Người già 80 tuổi:
+Đơn 1:

Cefixim 200mg 2v/2l Vitamin C 500mg 2v/2l
Lysozym 90mg 4v/2l Acyclovir 200mg 8v/2l
B2 4v/2l Aclyclovir bôi
Loratydyl 10mg 2v/2l Xanh methylen +1v
Efferalgan sủi 500mg 1v/1l Rifampicin

+Đơn 2:

Amoxcillin 500mg 2v/2l Vitamin C 500mg 2v/2l
Seratiol speptid 10mg 2v/2l Acyclovir 200mg 8v/2l
B2 4v/2l Acyclovir bôi
Desloratadyl 10mg 2v/2l Xanh methylen +1v
Paracetamol 500mg 2v/2l Rifampicin

-Trẻ em 7 tuổi:
+Đơn 1:

Cefuroxim 250mg 2v/2l Hapacol 500mg 2v/2l
Vitamin C 500mg 1v/1l Acyclovir 200mg 4v/2l
Alpha choay 5mg 2v/2l Acylovir bôi
B2 2v/2l Xanh methylen + 1v
Promethazin sr 5ml/2l Rifampicin

+Đơn 2:

Ampicillin 500mg 2v/2l Rutin C 1g 1v/1l
Seratiol speptid 10mg 2v/2l Acyclovir 200mg 4v/2l
B2 2v/2l Acyclovir bôi
Loratadyl sr 5ml/2l Xanh methylen +1v
Partamol 250mg 2v/2l Rifampicin

2.BỆNH ZONA THẦN KINH (HERPES):
Triệu chứng: Nổ rộp trên da có hình que dài, cảm giác bỏng rát, đau giần giật, đỏ ửng, mọc trên môi,mắt, hay mọc ở mặt, cổ và tay phần da non trên cơ thể.
Điều trị: Bôi hồ nước nếu chưa bị chảy nước hoặc viêm loét, hoặc có thể bôi cách giờ bằng Acyclovir + uống Acyclovir 200mg 8v/2l, 800mg 2v/2l + Vitamin C + B2 + kháng sinh + chống viêm (nếu bị bội nhiễm) + giảm đau (nếu đau)
KÊ ĐƠN THAM KHẢO:
Người bình thường:
+Đơn 1:



Bôi hồ nước khi chưa bị chảy nước (vỡ mụn)
Bôi Acyclovir
Acyclovir 800mg 2v/2l
Vitamin C 1g 1v/1l



Nếu bị bội nhiễm thì sử dụng:

Azithromycin 500mg 1v/1l
Lysozym 90mg 4v/2l
Efferalgan sủi 500mg 1v/1l (cách 4-6h)

+Đơn 2:
1.Clarythromycin 500mg 2v/2l
2.Betamethason 500mg 4v/2l
3.Paracetamol 500mg 4v/2l
Người viêm loét dạ dày:
+Đơn 1:
1.Bôi hồ nước khi chưa bị chảy nước (vỡ mụn)
2.Bôi Acyclovir
3.Acyclovir 800mg 2v/2l
4.Vitamin C 1g 1v/1l
5.B2 4v/2l
Nếu bị bội nhiễm thì sử dụng:

Clarythromycin 500mg 2v/2l
Seratiol speptid 10mg 4v/2l
Hapacol 500mg 4v/2l

+Đơn 2:
1.Amoxcillin
2.Apha choay
3.Paracetamol
Phụ nữ có thai:
+Đơn 1:
1Bôi hồ nước khi chưa bị chảy nước (vỡ mụn)
2.Bôi Acyclovir
3.Acyclovir 800mg 2v/2l
4.Vitamin C 1g 1v/1l
5.B2 4v/2l
Nếu bị bội nhiễm thì sử dụng:

Klamentin 1g 2v/2l
Alpha choay 5mg 4v/2l
Hapacol 500mg 4v/2l

+Đơn 2:

Augmentin 1g 2v/2l
Alpha choay 5mg 4v/2l
Paracetamol 500mg 4v/2l

Người già 80 tuổi:
+Đơn 1:
1.Bôi hồ nước khi chưa bị chảy nước (vỡ mụn)
2.Bôi Acyclovir
3.Acyclovir 800mg 2v/2l
4.Vitamin C 1g 1v/1l
5.B2 4v/2l
Nếu bị bội nhiễm thì sử dụng:

Cefixim 200mg 2v/1l
Lysozym 90mg 2v/2l
Panadol 500mg 2v/2l

+Đơn 2:
1.Amoxcillin 500mg 2v/2l

Alpha choay 5mg 2v/2l
Hapacol 500mg 2v/2l

-Trẻ em 7 tuổi:
+Đơn 1:
1.Bôi hồ nước khi chưa bị chảy nước (vỡ mụn)
2.Bôi Acyclovir
3.Acyclovir 800mg 2v/2l
4.Vitamin C 1g 1v/1l
5.B2 4v/2l
+Nếu bị bội nhiễm thì sử dụng:

Cefuroxim 250mg 2v/2l
Alpha choay 5mg 2v/2l
Panadol 500mg 2v/2l

+Đơn 2:

Ampicillin 500mg 2v/2l
Lysozym 90mg 2v/2l
Paracetamol 500mg 2v/2l

3. KIẾN CẮN ONG ĐỐT
Điều trị: Bôi thuốc có thành phần Corticoid + kháng Histamin + chống viêm + Vitamin C + thanh nhiệt tiêu độc
KÊ ĐƠN THAM KHẢO
Người bình thường
Bôi Gentrison
Cetirizine 5mg 4v/2l
Prednisolon 5mg 4v/2l
Vitamin C 500mg 2v/2l
thanh nhiệt tiêu độc 4v/2l
Người viêm loét dạ dày:
Bôi Gentrideeme
Loratadyl 10mg 2v/2l
Alpha choay 5mg 4v/2l
Rutin C 2v/2l
Tiêu độc PV 8v/2l
Người già 80 tuổi:
Bôi Flucina
Desloratadyl 10mg 2v/2l
Lysozym 90mg 2v/2l
Vitamin C 500mg 2v/2l
Tiêu độc PV 4v/2l
Phụ nữ có thai:
Bôi Trangala
Cetirizine 10mg 2v/2l
Alpha choay 5mg 4v/2l
Rutin C 4v/2l
Hepagan sr 15ml x2-3 lần /ngày
Trẻ em 7 tuổi:

Bôi Cotebios
Clorpheniramin 2mg 2v/2l
Alpha choay 5mg 2v/2l
Vitamin C 500mg 2v/2l
Thanh nhiệt tiêu độc 2v/2l

4. BỆNH NẤM , HẮC LÀO:
Triệu chứng; ngứa, nấm có hình tròn như đồng xu, có màu nâu hoặc hồng nhạt
Điều trị: Bôi thuốc nấm + uống thuốc nấm
Liệt kê:
Thuốc bôi nấm:

Ketoconazol
Nirozal (Nystatyl)
Tomax
Kentax
BSI
PVP

Uống thuốc nấm:

Ketoconazol
Nirozal

5. CÁC THUỐC KẾT HỢP ĐIỀU TRỊ BỆNH TRỨNG CÁ, MỤN BỌC
Điều trị:

Kháng sinh da
Biotin 4v/2l
Myspa 4v/2l
L-Cystine 2v/2l
Bổ gan
Thanh nhiệt tiêu độc
Vitamin C
Bôi kháng sinh Erythromycin

Thời gian:
Tháng 1: Uống đầy đủ
Tháng 2: Uống Biotin, L-Cystine, bổ gan, thanh nhiệt tiêu độc
    Kê đơn:

Clarythromycin 500mg 2v/2l
Biotin 4v/2l
Myspa 4v/2l
L-cystine 2v/2l
Fortec 4v/2l
Thanh nhiệt tiêu độc 4v/2l
Vitamin C 2v/2l
Bôi Erythromycin

6. ĐIỀU TRỊ BỎNG:

Xịt Panthenol
Bôi con ong
Bôi Panthenol
Bôi dầu gan cá
Dầu gấc


7. ĐIỀU TRỊ NẤM DA ĐẦU:

Bôi Dibetalic
Uống Ketoconazol
Gội Nyrozal, Selsun

8. CHÀM, DỊ ỨNG Ở TRẺ SƠ SINH, HÃM, NẺ
Điều trị: Dùng thuốc bôi + kết hợp uống kháng Histamin
Thuốc bôi:

Eumovate
Gentrison
Flucinaz
Skinbibi
Bepanthen
Gentricream

Kháng Histamin:
-Phenergan:
+Người lớn : 20ml/lần x 4 lần/ngày
+Trên 12 tuổi: 10ml/lần x 4 lần /ngày
+Từ 5-12 tuổi: 10ml/lần x3 lần/ngày
+Từ 2-5 tuổi: 5ml/lần x3 lần /ngày
-Theralen:
+Người lớn: 15ml/lần x 4 lần/ngày
+Trẻ trên 24 tháng tuổi: 5ml/lần x2 lần /ngày
-Loratadyl:
+Trên 12 tuổi: 15ml/ngày
+Từ 6-12 tuổi: 10ml/ngày
+Từ 2-5 tuổi: 5ml/ngày
-Clarytyl:
+Trên 12 tuổi: 10ml/ngày
+ từ 2-12 tuổi: 5ml/ngày",Bài 11: Các bệnh ngoài da
PHẦN III – THUỐC DÀNH CHO TRẺ EM,"PHẦN THUỐC CƠ BẢN
1. THUỐC CẦM TIÊU CHẢY
*Smecta: 
– 1 tuổi uống 1g/2l
– 2 tuổi uống 2g//2l (giúp phân thành khuôn)
*Elygan: 
– 10mg dưới 1 tuổi 2v/2l
– 30mg trên 2 tuổi 2v/2l
*Hidrasec 30mg:
– Dưới 1 tuổi 1v/1l
– Trên 2 tuổi 2v/2l
*Men tiêu hóa:
– Dưới 1 tuổi 1g/2l
– Trên 2 tuổi 2v/2l
 *Loperamid: 
– 1v/1l cho trẻ trên 3 tuổi
2.CÁC THUỐC LONG ĐỜM
* Acetyl Cystein 100mg: 1 tuổi 2v/2l
*Acetyl Cystein 200mg: trên 2 tuổi 2v/2l
3.CÁC THUỐC ĐẦY HƠI, CHƯỚNG BỤNG
Uống kháng sinh đường ruột ở trẻ em : Biseptol",Bài 1: Phần thuốc cơ bản
PHẦN III – THUỐC DÀNH CHO TRẺ EM,"PHẦN KÊ ĐƠN CÁC TRIỆU CHỨNG:
1.SỐT, HO, ĐỜM, MŨI Ở TRẺ EM:
KÊ ĐƠN THAM KHẢO
Trẻ em 3 tháng:

Cefixim 100mg 1v/2l
Efferalgan 80ml 1v/1l (4-6h)
Exomuc 100mg 1v/2l
Quất mật ong sr 3ml/3l
Nacl 0,9%
Ostrivin

Trẻ em 6 tháng:

Cefixim 100mg 1v/2l
Daleston –D sr ¼ thìa/2l
Bổ phế sr 3ml/3l
Nacl 0,9%
Ostrivin

Trẻ em 1 tuổi:

Cefixim 100mg 2v/2l Methorphan sr 4ml/2l
Daleston-D sr ¼ thìa x 2 lần Nacl 0,9% rửa
Efferalgan 80mg 1v/1l (4-6h) Ostrivin xịt
Exomuc 100mg 2v/2l

Trẻ em 3 tuổi:

Azithromycin 100mg 2v/2l Quất mật ong sr 5ml/2l
Cedesfarnin 0,25mg 2v/2l Nacl 0,9%
Hapacol 150mg 2v/2l Ostrivin
Acemuc 200mg 2v/2l

Trẻ em 5 tuổi:

Augmentin 250mg 2v/2l Bảo thanh sr 5ml/2l
Colergis sr 4ml/2l Nacl 0,9%
Efferalgan 250mg 2v/2l Ostrivin
Mitux 200mg 2v/2l

Trẻ em 7 tuổi:

Clarythromycin 250mg 2v/2l Eugica sr 7ml/3l
Alpha choay 5mg 2v/2l Sterimar
Hapacol 500mg 2v/2l Nemydexa
Acetyl cystein 200mg 2v/2l

2.SỔ MŨI Ở TRẺ EM:
KÊ ĐƠN THAM KHẢO
Trẻ em 3 tháng:

Decolgen
Sterimar rửa
Ostrivin xịt

Trẻ em 6 tháng:
1.Decolgen
2.Nacl 0,9%
3.Omeli
Trẻ em 1 tuổi:
Phenergan sr 3ml/2l
Nacl 0,9%
Ostrivin
Trẻ em 3 tuổi:
Theraline sr 5ml/2l
Sterimar
Ostrivin
Trẻ em 5 tuổi:
Clorampheniramin 4mg 2v/2l
Sterimar
Omeli
Trẻ em 7 tuổi:
Alimemazin 5mg 2v/2l
Vesim
Nemydexa
3.BỆNH TIÊU CHẢY Ở TRẺ EM:
KÊ ĐƠN THAM KHẢO
Trẻ em 3 tháng:

Debby sr 5ml/2l
Elofan 10mg 1v/2l
Siro tiêu hóa khỏe 2ml/2l

Trẻ em 6 tháng:

Debby sr 5ml/2l
Elofan 10mg 1v/2l
Siro tiêu hóa khỏe 2ml/2l

Trẻ em 1 tuổi:

Smecta
Debby sr 3ml/2l
Biotic 1g/2l

Trẻ em 3 tuổi:
1.Biseptol sr 5ml/2l
2.Elofan 10mg 2v/2l
3.Biotic 2g/2l
Trẻ em 5 tuổi:

Biseptol sr 7ml/2l
Elofan 30mg 2v/2l
Enterogermina 1-2 ống/2l

Trẻ em 7 tuổi:
1.Loperamid 2v/2l
2.Enterogermina 2 ống/2l
3.Biseptol sr 10ml/2l
4.BỆNH ZONA THẦN KINH Ở TRẺ EM
KÊ ĐƠN THAM KHẢO
Trẻ em 1 tuổi:
1.Bôi hồ nước khi chưa bị chảy nước
2.Bôi Acyclovir
3.Acyclovir 200mg 2v/2l
4.Thymokid sr 3ml/2l
Nếu bị bội nhiễm: 
5.Cefixim 100mg 2v/2l
6.Daleston-D sr ¼ thìa/2l
7.Efferalgan 80mg 1v/1l (4-6h)
Trẻ em 3 tuổi:
1.Bôi hồ nước khi chưa bị chảy nước
2.Bôi Acyclovir
3.Acyclovir 200mg 3v/2l
4.Imukid sr 5ml/2l
Nếu bị bội nhiễm: 
5.Zinnat 125mg 2v/2l
6.Daleston-D sr ½ thìa/2l
7.Hapacol 150mg 1v/1l (cách 4-6h)
Trẻ em 5 tuổi:
1.Bôi hồ nước khi chưa bị chảy nước
2.Bôi Acyclovir
3.Acyclovir 200mg 4v/2l
4.Ceelin sr 5ml/2l
Nếu bị bội nhiễm: 
5.Spiramicin 0,75mg 2v/2l
6.Alpha choay 5mg 2v/2l
7.Hapacol 150mg 1v/1l (cách 4-6h)
Trẻ em 7 tuổi:
1.Bôi hồ nước khi chưa bị chảy nước
2.Bôi Acyclovir
3.Acyclovir 200mg 4v/2l
4.Pediakid sr 10ml/2l
Nếu bị bội nhiễm: 
5.Cefpodoxim 200mg 2v/2l
6.Cedesfarnin 0,25mg 2v/2l
7.Hapacol 500mg 2v/2l
BỆNH THỦY ĐẬU Ở TRẺ EM:
KÊ ĐƠN THAM KHẢO
Trẻ em 1 tuổi:
1.Bôi Acyclovir khi chưa vỡ
2.Bôi Xanh methylen khi đã vỡ
3.Acyclovir 200mg 2v/2l
4.Cefixim 100mg 2v/2l
5.Alpha choay 5mg 1v/2l
6.Efferalgan 80mg 1v/1l (4-6h)
7.Ceelin sr 2,5ml/1l
8.B2 1v/1l
Trẻ em 3 tuổi: 
1.Bôi Acyclovir khi chưa vỡ
2.Bôi Xanh methylen khi đã vỡ
3.Acyclovir 200mg 2v/2l
4.Zinnat 125mg 2v/2l
5.Alpha Choay 5mg 2v/2l
6.Hapacol 150mg 1v/1l (4-6h)
7.Pediakid sr 5ml/1l
8.Phenergan sr 5ml/2l
9.B2 2v/2l
Trẻ em 5 tuổi:
1.Bôi Acyclovir khi chưa vỡ
2.Bôi Xanh methylen khi đã vỡ
3.Acyclovir 200mg 3v/2l
4.Cefpodoxim 200mg 2v/2l
5.Alpha choay 5mg 2v/2l
6.Hapacol 300mg 1v/1l
7.Pharmaton sr 5ml/1l
8.Alimemazin sr 5ml/2l
9.B2 4v/2l
Trẻ em 7 tuổi:
1.Bôi Acyclovir khi chưa vỡ
2.Bôi Xanh methylen khi đã vỡ
3.Acyclovir 200mg 4v/2l
4.Azithromycin 250mg 2v/2l
5.Alpha choay 5mg 4v/2l
6.Patamol 500mg 2v/2l
7,Pharmaton sr 10ml/1l
8.Clorampheniramin 4mg 2v/2l
9.B2 4v/2l
6.BỆNH SỐT VI RÚT Ở TRẺ EM
KÊ ĐƠN THAM KHẢO
Trẻ em 1 tuổi:
1.Ibrafen sr 5ml/1l
2.Oresol
3.Ceelin sr 3ml/1l
Trẻ em 3 tuổi:
1.Ibrafen sr 7,5ml/1l
2.Oresol
3.Pediakid sr 5ml/1l
Trẻ em 5 tuổi:
1.Efferalgan 300mg 1v.1l
2.Oresol
3.Thymodulin sr 5ml/1l
Trẻ em 7 tuổi:
1.Hapacol codein 500mg 1v/1l
2.Oresol
3.Pharmaton sr 10ml/1l
7.ĐƠN THUỐC TĂNG CÂN HIỆU QUẢ
Đơn 1: Uống từ 20-30 ngày liên tục
1.Peritol 2v/2l
2.Bioasemin 2v/2l
3.Eganin 2v/2l
4.Pharmaton 2v/2l
Đơn 2: uống trong vòng 1 tháng
1.Bioasemin 2v/2l
2.3B 2v/2l
3.Đông trùng hạ thảo 1v/ngày
4.Thanh nhiệt tiêu độc 4v/2l
5.Eganin 2v/2l",Bài 2: Phần kê đơn các triệu chứng
PHẦN 4 – DANH MỤC CÁC THUỐC KÊ ĐƠN,"Bộ Y Tế quy định tất cả cả thuốc không thuộc danh mục không kê đơn đều là thuốc kê đơn. Nguyên tắc tra cứu chính xác khi muốn biết một thuốc có thuộc dạnh mục kê đơn không là tìm tên thuốc trong danh mục không kê đơn – nếu không tìm thấy (không thộc danh mục thuốc không kê đơn) nghĩa là thuốc kê đơn.
Link tra cứu thuốc không kê đơn (theo thông tư 07/2017/TT/BYT) tại đây: https://hubduoc.com/forums/topic/danh-muc-thuoc-khong-ke-don/
Danh sách dưới đây chỉ là danh sách tham khảo nhanh – và hiển nhiên  không phải danh sách đầy đủ
1.THUỐC HẠ HUYẾT ÁP
1.Nifedipin 10mg,20mg
2.Coveram 5mg,10mg
3.Coversyl 5mg
4.Coversyl plus 5mg
5.Dopegyl 250mg
6.Enalapril 5mg,10mg
7.Betalog 50mg, 150mg
8.Micardis
9.Micardis plus
10.Traphedin 10mg
11.Amlodipin 5mg
12.Adalat 10mg
13.Amdalat LA 30mg
2.THUỐC TIM MẠCH:
1.Vastaren 20mg, Vastaren MR 30mg
2.Digoxin
3.Nitromin 2,6mg
4.Panagin
5.Betalog 50mg,150mg
6.Antenol 30mg
7.Plavix 75mg
8.Dogmatyl 50mg
3.ĐIỀU TRỊ MỠ MÁU
1.Lypitor 10mg,20mg
2.Lypanthyl 100mg,200mg,300mg
3.Crieto
4.THUỐC PARKINSON:
1.Madopar
2.Depakine
3.Tegeetol 200mg
5.THUỐC TIỂU ĐƯỜNG:
1.Glucophage 850mg
2.Glucofine 500mg
3.Gliclazide Standa 80mg
4.Predian 80mg
5.Diamicon MR 30mg
6.Panfor Siro 500mg,1000mg
6.THUỐC CHỐNG ĐỘNG KINH
1.Tegretol 200mg
7.THUỐC TĂNG HUYẾT ÁP
1.Heptamul
2.Ngậm Coramin
3.Uống trà gừng, ăn socola, uống nước mía, nước chè đặc, nước rau cần tây, nước nho….
8.THUỐC LỢI TIỂU
1.Furosemid
2.Hydroclothiazid
3.Indapamid
4.Spirinolacton
5.Amilorid
6.Triamteren",Danh mục các thuốc kê đơn
PHẦN 5 – CÁC LOẠI THUỐC CƠ BẢN KHÁC,"1.CÁC THUỐC CHỮA SẸO
1.Dematix
2.Contractubex
3.Hiruscar
2.THUỐC TẨY LÔNG
1.Lưu ly
3.THUỐC BÔI CHỮA NHIỆT
1.Kmistad gel N
2.Metrongi Denta
3.Oracortia Thái lan
4.THUỐC CHỐNG NẺ
1.Gót sen
2.Bút ngọc
3.Vaseline
4.Nivea
5.Valentine
6.Johnson Baby
5.KEM BÔI NÁM DA:
1.Tây Thi
2.Kem Sâm
3.Ốc Sên
4.Sắc Ngọc Khang
6. THUỐC UỐNG CHỮA NÁM DA
1.L-Cystyl
2.Sắc Ngọc Khang
3.Tây Thi
7.THUỐC BÔI TRỊ TRỨNG CÁ
1.Erossan
2.Erythromycin và Nghệ
3.Ojee
4.Bảo Lâm, Bảo Sâm
8.THUỐC TRỊ TRỨNG CÁ
1.Myspa
2.An Bảo
3.Trứng cá Nhất Nhất
9.THUỐC UỐNG CHO NGƯỜI RỐI LOẠN NỘI TIẾT TỐ
1.Viên uống Hoa Thiên
2.Bảo Xuân
3.Hoàng Tố Nữ
4.Tố Nữ Nhất Nhất
5.Senoxyd Q10
6.OP Calipe
10. CÁC LOẠI DÁN HẠ SỐT:
1.Cooling Sheet
2.Akido
3.Bye Flu
11. CÁC THUỐC TRÁNH THAI:
Khẩn cấp:
1.Meopritone
2.Mifestad
3.Postini
4.Haapynor
Hàng ngày:
1. New levo
2. New Choise
3. Marvelon
4. Marcilon
5. Diane 35
12. CÁC THUỐC U SƠ TỬ CUNG
1.Trinh nữ Hoàng Cung
2.Hoàng Phụ Khang
3.Crita
13.CÁC LOẠI NGẬM HO:
1.Eugica, Caggu
2.Chỉ Khái Lộ
3.Bảo Thanh
4.La Hán Quả
14.THUỐC TẨY GIUN
1.Albendazol
2.Fugacar
3.Zentel
15.CÁC LOẠI C SỦI:
1.Naphar Multi
2.Plussz Max
3.Orange
16.THUỐC SAY XE:
1.Vomina
2.Nautamin
3.Ariel tdds (dán say xe)
17. CÁC LOẠI BĂNG DÁN CÁ NHÂN
1.Zilgo
2.Urgo
3.Hurgo
18. CÁC LOẠI SỬA RỬA MẶT
1.Acness
2.Nivea
3.Nghệ Thái Dương
4.Oxy
19. CÁC LOẠI NƯỚC SÚC MIỆNG
1.Nacl 0,9%
2.TB
3.Thái Dương
4.Listerin
20.CÁC LOẠI DẦU GỘI ĐẦU
1.Hair Clear
2.Selsun
3.Nizoral
4.Thái Dương
21.BỘT XỊT KHỬ MÙI:
1.Trapha
2.Xịt Zuchi
22.CÁC LOẠI DỊCH TRUYỀN:
1.Vitaplex
2.Glucose 5%
3.Nacl 0,9%
23.THUỐC LÀM TAN SỎI
1.Rowatinex
2.BÀI Thạch Nam Dược
3.Kim Tiền Thảo
24.TÓC BẠC SỚM:
1.Max Hair
2.Hà thủ ô (viên,gói)
3.Traly Hair
4.Boni Hair
25.CÁC LOẠI QUE THỬ THAI:
Chip chip
Quick Test
26. CÁC THUỐC DƯỠNG TÂM AN THẦN:
1.Mimosa
2.Seavonem
3.Good Night
4.Sentosen
5.Aminazin
6.Dưỡng Tâm An Thần PV
27. THUỐC BỔ CHO PHỤ NỮ CÓ THAI:
1.Obimin
2.Procare
28.THUỐC TĂNG CƯỜNG TRÍ NHỚ

Ích Mộc Trí
Otiv
Biloba TV
Pyrido ginkgo fort

29. THUỐC TAN BẦM:
1.Long Huyết PH
2.Opzen
30.CÁC LOẠI DẦU GIÓ:
1.Cao sao vàng
2.Cao Bạch Hổ
3.Dầu gió Thiên Thảo
4.Dầu Phật Linh
5.Dầu Trường Sơn
6.Dầu Khuynh Diệp
31. CÁC LOẠI THỰC PHẨM CHỨC NĂNG KHÁC:
1.Ích Tâm Khang
2.Hòa Hãn Linh
3.Nattopes
4.Tiêu Khiết Thanh
5.Kim Miễn Khang",Các thuốc cơ bản khác
